id,target,comment,label,language,dataset,transformation,translation,target_lang,rtt
17285,La Confédération devrait-elle encourager davantage la construction de logements d'utilité publique?,"Si une intervention étatique est nécessaire, elle incombe aux cantons",AGAINST,fr,X-Stance,,Should the Confederation encourage more public housing construction?,en,"Si une intervention de l'État est nécessaire, c'est la responsabilité des cantons"
17286,Pensez-vous qu'il soit juste que les écoles octroient des dispenses scolaires en raison de motifs religieux pour certaines matières ou événements (p. ex. le sport ou l'éducation sexuelle)?,"La réponse vaut avant tout pour les revendications de type communautariste. La question est plus délicate s'agissant de l'éducation sexuelle, qui fondamentalement incombe aux parents et non pas à l'école.",AGAINST,fr,X-Stance,,Do you think it is fair for schools to grant exemptions on religious grounds for certain subjects or events (e.g. sports or sex education)?,en,"La réponse est d'abord et avant tout pour les revendications de nature communautaire. L'enjeu est plus délicat lorsqu'il s'agit d'éducation sexuelle, qui relève fondamentalement de la responsabilité des parents et non de l'école."
17288,La Confédération devrait-elle soutenir davantage les étrangères et étrangers dans leur intégration?,L'intégration est le résultat d'une démarche individuelle. On ne voit en outre pas pourquoi l'on accorderait à des candidats à la naturalisation ce que l'on n'accorde pas aux Suisses.,AGAINST,fr,X-Stance,,Should the Confederation support more foreigners and foreigners in their integration?,en,L'intégration est le résultat d'une approche individuelle. Nous ne voyons pas non plus pourquoi nous accorderions à des candidats à la naturalisation ce que nous n'accordons pas aux citoyens suisses.
17289,La réglementation de la procréation médicalement assistée devrait-elle être assouplie?,"Elle ne devrait pas l'être dans ses conditions de fond. En revanche, ses conditions de prise en charge par l'assurance-maladie obligatoire devraient être assouplies. Car la PMA ne doit pas être un luxe réservé aux riches.",AGAINST,fr,X-Stance,,Should the regulation of assisted reproductive technology be relaxed?,en,"Il ne devrait pas être dans ses conditions fondamentales. D'autre part, ses conditions de prise en charge par l'assurance maladie obligatoire devraient être assouplies. Parce que le PMA ne doit pas être un luxe réservé aux riches."
17290,Les ménages privés devraient-ils pouvoir choisir librement leur fournisseur d'électricité (libéralisation complète du marché de l'électricité)?,"La libéralisation complète du marché de l'électricité, c'est le plus sûr moyenne perdre le contrôle d'un domaine stratégique (particulièrement pour des cantons producteurs d'énergie hydraulique comme le Valais) au profit d'acteurs, voire d'Etats étrangers. L'indépendance énergétique est un élément, de surcroît important, de l'indépendance de notre pays.",AGAINST,fr,X-Stance,,Should private households be able to freely choose their electricity supplier (complete liberalization of the electricity market)?,en,"La libéralisation complète du marché de l'électricité est la manière la plus sûre de perdre le contrôle d'un domaine stratégique (en particulier pour les cantons producteurs d'énergie tels que le Valais) au profit d'acteurs, voire d'États étrangers. L'indépendance énergétique est en outre un élément important de notre indépendance nationale."
17291,Seriez-vous favorable à une libéralisation complète des heures d'ouverture des magasins?,"On ne peut pas tout brader (repos du dimanche, conditions de travail des travailleurs) sous prétexte de développement économique ou de concurrence avec les commerces frontaliers.",AGAINST,fr,X-Stance,,Would you be in favor of a complete liberalization of store opening hours?,en,"On ne peut pas vendre tout (le repos dominical, les conditions de travail des travailleurs) sous prétexte de développement économique ou de concurrence avec les entreprises voisines."
17292,Faut-il renforcer la protection contre le licenciement des travailleuses et travailleurs plus âgé·e·s?,"Pour éviter les effets pervers de certaines restrictions supplémentaires de droit du travail (dont le durcissement pourrait dissuader les employeurs d'engager des seniors), il convient d'explorer avant tout d'autres voies de nature incitative (p. ex. réduction des cotisations sociales, accès aux ORP pour les chômeurs seniors en fin de droit).",FAVOR,fr,X-Stance,,Is it necessary to strengthen protection against dismissal for older workers?,en,"Afin d'éviter les effets pervers de certaines restrictions supplémentaires en matière de droit du travail (y compris l'accentuation qui pourrait dissuader les employeurs de recruter des travailleurs plus âgés), il est d'abord nécessaire d'explorer d'autres voies à caractère incitatif (par exemple, une réduction des cotisations sociales, l'accès à l'ORS pour les travailleurs âgés sans emploi à la fin de leurs droits)."
17293,L'expansion du réseau mobile selon la norme 5G doit-elle se poursuivre?,"Le principe de précaution doit nous inciter à éviter de foncer tête baissée dans le développement d'une technologie qui n'a rien de vital pour notre vie quotidienne, mais dont les risques sont encore largement inconnus.",AGAINST,fr,X-Stance,,Should the expansion of the mobile network according to the 5th generation (5G) standard continue?,en,"Le principe de précaution devrait nous inciter à éviter de précipiter le développement de technologies qui ne sont pas vitales pour notre vie quotidienne, mais dont les risques sont encore largement inconnus."
17294,Une initiative demande que la Suisse cesse d'utiliser les énergies fossiles à partir de 2050. Soutenez-vous cette proposition?,"Affranchir notre pays de sa dépendance aux énergies fossiles doit être un objectif, que ce soit pour préserver notre environnement ou pour garantir notre indépendance énergétique. L'objectif 2050 semble toutefois irréaliste et la mise en oeuvre stricte de cette initiative aurait de graves conséquences économiques et sociales, particulièrement pour un canton comme le Valais dépourvu de grands centres urbains propices au développement des transports publics.",AGAINST,fr,X-Stance,,An initiative requests that Switzerland ceases to use fossil fuels from the year 2100. Do you support this proposal?,en,"Libérer notre pays de sa dépendance aux combustibles fossiles doit être un objectif, qu'il s'agisse de préserver notre environnement ou de garantir notre indépendance énergétique. Cependant, l'objectif de 2050 semble irréaliste et la mise en œuvre stricte de cette initiative aurait de graves conséquences économiques et sociales, en particulier pour un canton comme le Valais sans grands centres urbains propices au développement des transports publics."
17295,"Actuellement, une taxe CO2 est prélevée sur les combustibles fossiles (p. ex. mazout ou gaz naturel). Cette taxe devrait-elle également être étendue aux carburants (p. ex. essence, diesel, etc.)?","Une telle extension serait catastrophique pour les Valaisannes et les Valaisans, plus dépendants que d'autres des véhicules individuels et des transports routiers. Elle représenterait pour eux une augmentation spectaculaire du coût de la vie, y compris pour les ménages et personnes aux revenus modestes. On ne nous fera pas croire que nous allons sauver la planète à nous tout seuls simplement en nous mettant un tel autogoal.",AGAINST,fr,X-Stance,,"Currently, a CO2 tax is levied on fossil fuels (e.g. fuel oil or natural gas). Should this tax also be extended to fuels such as gasoline, diesel or others?",en,"Une telle extension serait catastrophique pour les femmes et les hommes du Valais, qui sont plus dépendants que d'autres des véhicules individuels et du transport routier. Pour eux, cela représenterait une augmentation dramatique du coût de la vie, y compris pour les ménages et les personnes à revenus modestes. Nous ne serons pas amenés à croire que nous allons sauver la planète en imposant simplement une telle punition auto-infligée."
17296,La Suisse devrait-elle conclure un accord de libre-échange avec les Etats-Unis?,"Pour éviter de sacrifier notre agriculture, il convient toutefois d'en exclure le domaine agricole.",FAVOR,fr,X-Stance,,Should Switzerland conclude a free trade agreement with the United States?,en,"Afin d'éviter de sacrifier notre agriculture, il est toutefois nécessaire d'exclure le secteur agricole."
17549,L'État devrait-il renforcer son soutien financier à la création de structures d'accueil extra-familial?,"Pour permettre à tous les parents de travailler et de valoriser ainsi leur formation professionnelle, et pour mieux consilier vie familiale et travail, l'Etat doit favoriser la création de crèches, de structures d'accueil de jour, de tables de midi.

Um allen Eltern das Arbeiten zu ermöglichen und damit ihre Ausbildung zu nutzen, und um Berufs- und Familienleben besser zu vereinbaren, muss die öffentliche Hand Kinderkrippen, Tagesstrukturen, Betreuungsangebote und Mittagstische unterstützen.",FAVOR,fr,X-Stance,,Should the state strengthen its financial support for the creation of extra-family accommodation structures?,en,"Afin de permettre à tous les parents de travailler et ainsi de tirer parti de leur formation professionnelle, et de mieux concilier vie familiale et vie professionnelle, l'État doit promouvoir la création de crèches, d'installations de garde d'enfants, de services de repas et de tables de déjeuner."
17550,Une initiative demande l'instauration d'un congé paternité payé de quatre semaines. Êtes-vous en faveur de cette proposition?,"Les jeunes parents doivent pouvoir s'occuper ensemble de leurs bébés nouveaux-nés.

Junge Mütter und Väter sollen sich gemeinsam um ihre neu geborenen Kinder kümmern können.",FAVOR,fr,X-Stance,,An initiative calls for the establishment of a four-week paid paternity leave. Are you in favor of this proposal?,en,Les jeunes parents devraient être en mesure de prendre soin de leurs bébés nouveau-nés ensemble.
17551,Les rentes de la caisse de pension doivent-elles être adaptées à l'allongement de l'espérance de vie (réduction du taux de conversion)?,"Les baisses dûes à un taux de conversion modifié doivent être compensées par un système d'économies et d'investissements fiscalement avantageuses - y compris pour les bas salaires.

Die wegen des Umwandlungssatzes sinkenden Renten sollen durch steuerlich bevorzugtes freiwilliges Rentensparen kompensiert werden können - auch für niedrige Einkommen.",FAVOR,fr,X-Stance,,Should the pension fund's pensions be adapted to the increase in life expectancy (reduction of the conversion rate)?,en,Les réductions dues à un taux de conversion modifié doivent être compensées par des économies et des investissements fiscalement avantageux - y compris pour les travailleurs à bas salaire.
17553,La Confédération devrait-elle encourager davantage la construction de logements d'utilité publique?,"Les modèles innovants, tels les coopératives immobiliaires, sont une solution attractive pour les jeunes familles, les personnes âgées et la classe moyenne.

Vor allem junge Familien, ältere Menschen und der Mittelstand können von gemeinnützigen Wohnmodellen profitieren.",FAVOR,fr,X-Stance,,Should the Confederation encourage more public housing construction?,en,"Des modèles innovants, tels que les coopératives immobilières, sont une solution attrayante pour les jeunes familles, les personnes âgées et la classe moyenne."
17562,Le concept de l'école intégrative prévoit que les enfants ayant des difficultés d'apprentissage ou des handicaps soient scolarisé·e·s dans des classes ordinaires. Soutenez-vous cette approche?,"La plupart des enfants handicapés s'intègrent parfaitement aux classes régulières et profitent de cet échange humain au contact des autres.

Die meisten behinderten Kindern integrieren sich problemlos in die Regelklassen der Schule und profitieren vom Austausch und den Kontakten in diesem regulären Rahmen.",FAVOR,fr,X-Stance,,The concept of an integrated school means that children with learning difficulties or disabilities are educated in regular classes. Do you support this approach?,en,La plupart des enfants handicapés s'intègrent parfaitement dans les classes ordinaires et profitent de cet échange humain en contact avec d'autres.
17563,Seriez-vous favorable à ce que le droit de vote et d'élection soit introduit au niveau communal pour les personnes étrangères qui résident en Suisse depuis au moins dix ans?,"La participation politique au niveau communal favorise l'intégration et fonctionne très bien dans les cantons et communes qui l'admettent (comme p.ex. à Fribourg).

Die politische Mitbestimmung ist ein ausgezeichnetes Integrationsinstrument und funktioniert sehr gut in den Gemeinden und Kantonen, die dies bereits zulassen (wie z.B. in Freiburg).",FAVOR,fr,X-Stance,,Would you be in favor of introducing voting and election rights at the communal level for foreigners who have been living in Switzerland for at least ten years?,en,"La participation politique au niveau communal favorise l'intégration et fonctionne très bien dans les cantons et communes qui la permettent (comme à Fribourg, par exemple)."
17564,La limitation de l'immigration a-t-elle pour vous la priorité sur le maintien des accords bilatéraux avec l'UE?,"Au-delà des bénéfices de la ""voie bilatérale"" : sans immigration, la Suisse devrait fermer la plupart de ses hôpitaux, hôtels et restaurants, pratiquement toutes les entreprises maraîchaires - et de nombreux secteurs économiques seraient péjorés.

Ohne über die Vorteile des ""bilateralen Weges"" zu reden, müsste die Schweiz ohne Immigration die meisten Spitäler schliessen, fast alle Hotels und Restaurants, viele Bauernbetriebe - und zahlreiche Wirtschaftszweige hätten Einbussen zu erleiden.",AGAINST,fr,X-Stance,,Does limiting immigration have priority for you over maintaining bilateral agreements with the EU?,en,"Au-delà des avantages de la « voie bilatérale » : sans immigration, la Suisse devrait fermer la plupart de ses hôpitaux, hôtels et restaurants, presque toutes les fermes à légumes – et de nombreux secteurs économiques souffriraient de pertes."
17565,Les personnes sans-papiers devraient-elles pouvoir obtenir plus facilement un statut de séjour régularisé?,"Tous les cas de rigueur sont à étudier avec humanité et intelligence.

Alle Härtefälle sind mit Menschlichkeit und Proportionalität zu behandeln.",AGAINST,fr,X-Stance,,Should undocumented people be able to obtain a more easily regularized residence status?,en,Tous les cas de gravité doivent être étudiés avec humanité et intelligence.
17566,La consommation de cannabis devrait-elle être légalisée?,"Le signal envoyé par une légalisation serait négatif : la consommation de marihuana à un jeune âge peut rapidement générer des symptomes psychotiques durables.

Die Signalwirkung einer Legalisierung wäre nicht gut: Cannabis-Konsum in jugendlichem Alter kann je nach Veranlagung schnell zu langfristig problematischen psychotischen Störungen führen.",AGAINST,fr,X-Stance,,Should cannabis consumption be legalized?,en,"L'effet de signal de la légalisation ne serait pas bon : la consommation de cannabis à un jeune âge peut rapidement conduire à des troubles psychotiques problématiques à long terme, selon la prédisposition de chacun."
17567,Seriez-vous favorable à ce qu'un médecin soit autorisé à administrer l'euthanasie active directe en Suisse?,"Ceci serait pas ou peu compatible avec le serment prêté par un/e médecin.

Dies wäre mit dem Eid, den ein/e Arzt/Ärztin leister nicht oder kaum vereinbar.",AGAINST,fr,X-Stance,,Would you be in favor of a doctor being allowed to administer direct active euthanasia in Switzerland?,en,Cela ne serait pas ou difficilement compatible avec le serment prêté par un médecin.
17568,Êtes-vous en faveur d'une nouvelle réduction des contributions versées par les cantons financièrement forts aux cantons financièrement faibles dans le cadre de la péréquation financière?,"La solidarité est également valable pour la politique financière dans notre pays.

Solidarität ist auch eine finanzpolitische Pflicht in unserem Land.",AGAINST,fr,X-Stance,,Are you in favor of a new reduction of contributions paid by financially strong cantons to financially weak ones as part of financial equalization?,en,"De même, la solidarité est également une obligation de politique financière dans notre pays."
17569,Êtes-vous en faveur d'une restriction de la concurrence entre les cantons en matière d'imposition des entreprises?,"La concurrence a par nature besoin de liberté pour pouvoir déployer des effets positifs.

Wettbewerb benötig Freiheit, um positive Effekte zu generieren.",AGAINST,fr,X-Stance,,Are you in favor of limiting competition between cantons in terms of corporate taxation?,en,La compétition par nature a besoin de liberté pour générer des effets positifs.
17570,Êtes-vous favorable à l'introduction d'un salaire minimum de 4’000 CHF pour toutes les personnes salariées pour un poste à plein temps?,"L'idée du revenu de base me paraît plus intéressante qu'un salaire minimum artificiellemnt fixé.

Besser als ein künstlich festgelegter Mindestlohn wäre die Idee eines Grundeinkommens.",AGAINST,fr,X-Stance,,"Are you in favor of the introduction of a minimum wage of CHF 4,200 for all full-time salaried employees?",en,L'idée d'un revenu de base semble plus intéressante qu'un salaire minimum artificiellement fixé.
17574,Faut-il renoncer au durcissement des conditions d'admission au service civil proposé par le Conseil fédéral?,"Je soutiens l'introduction d'un large ""service citoyen"", incluant le service militaire, le service civil et d'autres formes de contribution au bien public.

Ich unterstütze die Einführung eines breiten ""Bürgerdienstes"", der Militär- und Zivildienst einschliesst, aber auch andere Formen des Engagements zugunsten des Gemeinwohls.",AGAINST,fr,X-Stance,,Is it necessary to renounce the tightening of the civil service admission conditions proposed by the Federal Council?,en,"Je soutiens l'introduction d'un large « service citoyen », incluant le service militaire, le service civil et d'autres formes de contribution au bien public."
17576,Êtes-vous en faveur de la candidature de la Suisse à un siège au Conseil de sécurité de l'ONU?,"La Suisse peut apporter une expérience intéressante à l'ONU : la démocratie, la défense des droits humains, le fédéralisme et la décentralisation, les bons-offices, la liberté et la responsabilité.

Die Schweiz kann einen interessante Erfahrungen und Kompetenzen in die UNO-Debatten einbringen: mit ihrer Demokratie, der Verteidigung der Menschenrechte, dem Föderalismus und der Dezentralisierung, den Guten Diensten, der Freiheit und Verantwortung.",FAVOR,fr,X-Stance,,Are you in favor of Switzerland's candidacy for a seat on the UN Security Council?,en,"La Suisse peut apporter des expériences et des compétences intéressantes aux débats des Nations Unies : sa démocratie, la défense des droits de l'homme, le fédéralisme et la décentralisation, les bons services, la liberté et la responsabilité."
17797,Une initiative demande l'instauration d'un congé paternité payé de quatre semaines. Êtes-vous en faveur de cette proposition?,"Or, je préfère un congé parental, afin de réaliser l'égalité des chances entre les sexes.",FAVOR,fr,X-Stance,,An initiative calls for the establishment of a four-week paid paternity leave. Are you in favor of this proposal?,en,"Ou, je préfère le congé parental, afin d'atteindre l'égalité des chances entre les sexes."
17798,La Confédération devrait-elle encourager davantage la construction de logements d'utilité publique?,La confédération devrait soutenir d'avantage les coopératives d'habitation afin de promouvoir la construction d'habitation plus écologique et une meilleure mixité sociale.,FAVOR,fr,X-Stance,,Should the Confederation encourage more public housing construction?,en,La confédération devrait soutenir plus fermement les coopératives d'habitation afin de promouvoir la construction de logements plus écologiques et une meilleure mixité sociale.
17799,L'expansion du réseau mobile selon la norme 5G doit-elle se poursuivre?,Cela me semble pas judicieux avant qu'un retour sera soumis à la Confédération par la commission d'experts.,AGAINST,fr,X-Stance,,Should the expansion of the mobile network according to the 5th generation (5G) standard continue?,en,Je ne crois pas que cela soit judicieux avant que la commission d'experts n'envoie un retour au Conseil fédéral.
18628,Êtes-vous favorable à une hausse de l'âge de la retraite (p. ex. à 67 ans)?,Pourquoi pas dans certaines branches moins exigeantes physiquement.,FAVOR,fr,X-Stance,,Are you in favor of an increase in the retirement age (e.g. to 65 years)?,en,Pourquoi pas dans certaines branches moins exigeantes physiquement.
18629,L'État devrait-il renforcer son soutien financier à la création de structures d'accueil extra-familial?,Il faut renforcer la capacité des familles et la garde des enfants intrafamiliale.,AGAINST,fr,X-Stance,,Should the state strengthen its financial support for the creation of extra-family accommodation structures?,en,Il est nécessaire de renforcer la capacité des familles et la prise en charge des enfants au sein de la famille.
18630,Les rentes de la caisse de pension doivent-elles être adaptées à l'allongement de l'espérance de vie (réduction du taux de conversion)?,"Il faut trouver une solution pour soutenir l'AVS, par exemple en utilisant les nouvelles taxes sur le CO2.",AGAINST,fr,X-Stance,,Should the pensions of the pension fund be adapted to the increase in life expectancy (reduction of the conversion rate)?,en,"Nous devons trouver une solution pour soutenir l'AVS, par exemple en utilisant de nouvelles taxes sur le CO2."
18631,La Confédération devrait-elle encourager davantage la construction de logements d'utilité publique?,"Non, il faut commencer à sérieusement limiter le bétonnage de notre pays.",AGAINST,fr,X-Stance,,Should the Confederation encourage more public housing construction?,en,"Non, nous devons commencer à limiter sérieusement la construction de notre pays."
18633,Le concept de l'école intégrative prévoit que les enfants ayant des difficultés d'apprentissage ou des handicaps soient scolarisé·e·s dans des classes ordinaires. Soutenez-vous cette approche?,"On a fait le test à Genève et il n'est pas tellement positif. En effet, les maîtres sont parfois (souvent) débordés par des situations qu'ils ne peuvent gérer et qui tirent la classe en bas. L'idée d'intégration n'est en soi pas mauvaise, mais elle doit mieux tenir compte de la charge de travail des enseignants et non leur imposer des solutions non négociées et non négociables.",AGAINST,fr,X-Stance,,The concept of the integrated school provides that children with learning difficulties or disabilities are educated in ordinary classes. Do you support this approach?,en,"Nous avons effectué le test à Genève et il n'est pas très positif. En effet, les maîtres sont parfois (souvent) submergés par des situations qu'ils ne peuvent pas gérer et qui font chuter le niveau de la classe. L'idée de l'intégration est en soi pas mauvaise, mais elle doit mieux tenir compte de la charge de travail des enseignants et ne pas imposer des solutions non négociées et non négociables sur eux."
18634,La limitation de l'immigration a-t-elle pour vous la priorité sur le maintien des accords bilatéraux avec l'UE?,"Question difficile : difficile d'y répondre par Oui ou Non. Il faut trouver des solutions humaines à des problèmes épineux et souvent urgents. Donc non à cette question, mais oui à chercher au mieux de quoi respecter des objectifs réalistes en terme d'intégration et de population.",AGAINST,fr,X-Stance,,Does limiting immigration have priority for you over maintaining bilateral agreements with the EU?,en,"Question difficile : il est difficile de répondre par oui ou par non. Nous devons trouver des solutions humaines à des problèmes épineux et souvent urgents. Alors non à cette question, mais oui à trouver la meilleure façon de respecter les objectifs réalistes en termes d'intégration et de population."
18638,L'expansion du réseau mobile selon la norme 5G doit-elle se poursuivre?,"Il faut attendre les résultats du groupe d'experts et surtout respecter la santé, la santé des arbres et de notre patrimoine naturel en général.",AGAINST,fr,X-Stance,,Should the expansion of the mobile network according to the 5th generation (5G) standard continue?,en,"Nous devons attendre les résultats du groupe d'experts et, avant tout, respecter la santé, la santé des arbres et notre patrimoine naturel en général."
18639,Une initiative demande que la Suisse cesse d'utiliser les énergies fossiles à partir de 2050. Soutenez-vous cette proposition?,"A voir. Je préfère ne pas trop m'engager sur ce terrain car je ne sais pas si cela sera réalisable. Il est cependant possible de développer de manière très intentionnelle les voitures et autres véhicules à hydrogène, qui ne rejettent que de l'eau !",FAVOR,fr,X-Stance,,An initiative requests that Switzerland ceases to use fossil fuels from as far away as possible by the end of the 21st century. Do you support this proposal?,en,"Pour voir. Je préfère ne pas m'impliquer trop dans ce domaine parce que je ne sais pas si cela sera réalisable. Cependant, il est possible de développer très intentionnellement des voitures à hydrogène et d'autres véhicules, qui n'émettent que de l'eau!"
18642,Les paiements directs devraient-ils être accordés qu'aux exploitations agricoles qui fournissent un bilan écologique étendu (p. ex. renoncement à l'utilisation des pesticides de synthèse et limitation de l'utilisation d'antibiotiques)?,"Plutôt non, car il faut arrêter de vouloir transformer le métier d'agriculteur en métier d'administrateur. Les paysans en ont marre qu'on les prenne pour des fiduciaire ou des avocats et qu'on les bombarde chaque année un peu plus de paperasse.",AGAINST,fr,X-Stance,,Should direct payments be granted only to farms that provide a comprehensive ecological balance (e.g. renunciation of the use of synthetic pesticides and limitation of antibiotic use)?,en,"Non, bien au contraire, parce que nous devons arrêter d'essayer de transformer la profession de fermier en une profession administrative. Les paysans sont fatigués d'être considérés comme des fiduciaires ou des avocats et de recevoir chaque année toujours plus de paperasserie."
18643,Faut-il étendre les mesures de protection de la biodiversité (p. ex. des règles plus strictes pour la construction en dehors des zones à bâtir existantes)?,"Absolument. C'est indispensable. Surtout à Genève où nous sommes sur le point d'assister à la fin de notre biodiversité, au massacre de nos sols et de toute leur richesse.",FAVOR,fr,X-Stance,,"Is it necessary to expand measures to protect biodiversity (e.g., stricter rules for construction outside existing building zones)?",en,"Absolument. C'est indispensable. Surtout à Genève, où nous sommes sur le point de voir s'achever notre biodiversité, le massacre de nos sols et toute leur richesse."
18647,Une initiative demande que les règles de responsabilité des entreprises suisses en matière de respect des droits humains et des normes environnementales à l'étranger soient renforcées. Soutenez-vous cette proposition?,"En fait, je dirais un Oui franc si c'était le cas de TOUTES les entreprises avec lesquelles nous travaillons et pas seulement des entreprises suisses. J'y vois là une inégalité en défaveur de nos entreprises. Donc OUI pour un renforcement des règles de responsabilités concernant TOUTES les entreprises avec lesquelles nous sommes en partenariat.",FAVOR,fr,X-Stance,,An initiative requests that the rules of responsibility of Swiss companies for respect of human rights and environmental standards abroad be strengthened. Do you support this proposal?,en,"En fait, je dirais OUI franchement si c'était le cas de TOUTES les entreprises avec lesquelles nous travaillons et pas seulement des entreprises suisses. J'y vois une inégalité en faveur de nos entreprises. Par conséquent, OUI pour un renforcement des règles de responsabilité concernant TOTALITÉ des entreprises avec qui nous sommes en partenariat."
20218,"Actuellement, une taxe CO2 est prélevée sur les combustibles fossiles (p. ex. mazout ou gaz naturel). Cette taxe devrait-elle également être étendue aux carburants (p. ex. essence, diesel, etc.)?","En tout cas pas avant que l'on ait des vraies solutions ""vertes"" de remplacement.",AGAINST,fr,X-Stance,,"Currently, a CO2 tax is levied on fossil fuels (e.g. fuel oil or natural gas). Should this tax also be extended to fuels such as gasoline, diesel or others?",en,"Dans tous les cas, pas avant que nous n'ayons des solutions de remplacement « vertes » réelles."
20236,Une initiative demande l'instauration d'un congé paternité payé de quatre semaines. Êtes-vous en faveur de cette proposition?,Je serai pour à l'unique condition que ces quatre semaines soient prises dès la sortie d'hôpital de la mère.,AGAINST,fr,X-Stance,,An initiative calls for the establishment of a four-week paid paternity leave. Are you in favor of this proposal?,en,Je serai pour à la seule condition que ces quatre semaines soient prises dès que la mère est sortie de l'hôpital.
21545,Êtes-vous favorable à une hausse de l'âge de la retraite (p. ex. à 67 ans)?,Il est préférable d'avoir un âge de la retraite dépendant de l'espérance de vie et du corps de métier exercé par la personne.,FAVOR,fr,X-Stance,,Are you in favor of an increase in the retirement age (e.g. to 65 years)?,en,Il est préférable d'avoir un âge de retraite qui dépend de l'espérance de vie et de la profession exercée par la personne.
21546,Une initiative demande l'instauration d'un congé paternité payé de quatre semaines. Êtes-vous en faveur de cette proposition?,"Cette initiative reste incomplète, l'idéal serait de parler de congé parental et non de congé paternité/maternité. La Confédération doit promouvoir l'égalité jusqu'au bout et combattre différenciation des genres.",FAVOR,fr,X-Stance,,An initiative calls for the establishment of a four-week paid paternity leave. Are you in favor of this proposal?,en,"Cette initiative reste incomplète, l'idéal serait de parler de congé parental et non de congés de paternité/maternité. La Confédération doit promouvoir l'égalité jusqu'au bout et combattre les différences entre les sexes."
21548,Pensez-vous qu'il soit juste que les écoles octroient des dispenses scolaires en raison de motifs religieux pour certaines matières ou événements (p. ex. le sport ou l'éducation sexuelle)?,Les élèves doivent avoir le droit d'exercer leur religion toute liberté mais en aucun doivent manquer un évènements ou un cours pour ce genre de motif. D'autres solutions doivent être trouvées dans le cas où cela poserait problème.,AGAINST,fr,X-Stance,,Do you think it is fair for schools to grant exemptions on religious grounds for certain subjects or events (e.g. sports or sex education)?,en,"Les étudiants doivent avoir le droit de pratiquer leur religion librement, mais en aucun cas, ils ne doivent manquer un événement ou une classe pour cette raison. D'autres solutions doivent être trouvées dans le cas où cela caait des problèmes."
21549,Le concept de l'école intégrative prévoit que les enfants ayant des difficultés d'apprentissage ou des handicaps soient scolarisé·e·s dans des classes ordinaires. Soutenez-vous cette approche?,L'approche est intéressante mais ne doit pas être systématiquement appliquée.,FAVOR,fr,X-Stance,,The concept of an integrated school means that children with learning difficulties or disabilities are educated in regular classes. Do you support this approach?,en,"L'approche est intéressante, mais elle ne devrait pas être appliquée de manière systématique."
21550,Les personnes sans-papiers devraient-elles pouvoir obtenir plus facilement un statut de séjour régularisé?,La régularisation du statut des sans-papiers doit être un problème discuté avant-tout à l'international.,FAVOR,fr,X-Stance,,Should undocumented people be able to obtain a regularized residence status more easily?,en,La régularisation du statut des personnes sans papiers doit être un problème discuté d'abord et avant tout à l'échelle internationale.
21551,"La Confédération devrait-elle davantage soutenir l'offre des services publics (p. ex. transports publics, poste) dans les régions rurales?","Pour décourager les personnes habitants dans les banlieues et les zones rurales afin de concevoir un avenir plus propre en CO2, il faut que le Confédération encourage d'avantage le développement des transports publiques.",FAVOR,fr,X-Stance,,"Should the Confederation further support the offer of public services (e.g. public transport, postal services) in rural areas?",en,"Pour décourager les personnes vivant dans les banlieues et les zones rurales afin de créer un avenir plus propre en termes d'émissions de CO2, la Confédération devrait encourager le développement du transport en commun."
21552,L'expansion du réseau mobile selon la norme 5G doit-elle se poursuivre?,"Il faut encourager le développement des nouvelles technologies, mais il faut avant appliquer le principe de précaution.",FAVOR,fr,X-Stance,,Should the expansion of the mobile network according to the 5th generation (5G) standard continue?,en,"Nous devons encourager le développement de nouvelles technologies, mais nous devons d'abord appliquer le principe de précaution."
22014,Pensez-vous qu'il soit juste que les écoles octroient des dispenses scolaires en raison de motifs religieux pour certaines matières ou événements (p. ex. le sport ou l'éducation sexuelle)?,Peut se défendre dans des cas exceptionnels mais ne doit pas devenir une règle se généralisant,AGAINST,fr,X-Stance,,Do you think it is fair for schools to grant academic exemptions due to religious reasons for certain subjects or events (e.g. sports or sex education)?,en,"Peut se défendre dans des cas exceptionnels, mais ne devrait pas devenir une règle générale"
22016,La consommation de cannabis devrait-elle être légalisée?,"Quand 10 à 15% de la population est consommatrice, le système actuel ne fait que favoriser le trafic et les dealers et la police aurait besoin de moyens gigantesques pour faire respecter la loi",FAVOR,fr,X-Stance,,Should cannabis consumption be legalized?,en,"Lorsque 10 à 15 % de la population est un consommateur, la seule promotion actuelle est celle du trafic et des concessionnaires, et la police aurait besoin de ressources gigantesques pour faire respecter la loi."
22018,Les ménages privés devraient-ils pouvoir choisir librement leur fournisseur d'électricité (libéralisation complète du marché de l'électricité)?,"Les exemples étrangers montrent, sauf en Norvège où la consommation par ménage est très élevée pour cause de chauffage électrique, que les coûts administratifs font que les ménages paient plus cher après libéralisation. Et favoriser le charbon européen encore subventionné n'est pas compatible avec la lutte contre le réchauffement climatique",AGAINST,fr,X-Stance,,Should private households be able to freely choose their electricity supplier (complete liberalization of the electricity market)?,en,"Les exemples étrangers montrent, sauf en Norvège où la consommation des ménages est très élevée en raison du chauffage électrique, que les coûts administratifs incitent les ménages à payer plus après la libéralisation. Et favoriser le charbon européen, toujours subventionné, n'est pas compatible avec la lutte contre le réchauffement climatique."
22019,La Suisse devrait-elle conclure un accord de libre-échange avec les Etats-Unis?,"Cela dépend aussi du contenu exact de l'accord, par exemple en matière d'agriculture",AGAINST,fr,X-Stance,,Should Switzerland conclude a free trade agreement with the United States?,en,"Il dépend également de la teneur exacte de l'accord, par exemple en termes d'agriculture"
24335,Êtes-vous favorable à une hausse de l'âge de la retraite (p. ex. à 67 ans)?,"Avec l'allongement de l'espérance de vie, il paraît difficile de ne pas aller vers une hausse de l'âge de la retraite à long terme. Cependant, cette mesure doit s'inscrire dans une réflexion globale de refonte du système des assurances sociales, ainsi que sur la notion de travail, de partage et répartition du travail, de revenu issu du travail.",AGAINST,fr,X-Stance,,Are you in favor of an increase in the retirement age (e.g. to 65 years)?,en,"Avec l'augmentation de l'espérance de vie, il semble difficile de ne pas s'orienter vers un allongement de la retraite à long terme. Cependant, cette mesure doit faire partie d'une réflexion globale sur la réforme des assurances sociales, ainsi que sur la notion de travail, de partage et de répartition du travail et des revenus issus du travail."
24336,L'État devrait-il renforcer son soutien financier à la création de structures d'accueil extra-familial?,"L'égalité entre les hommes et les femmes passe aussi par la mise en place de conditions qui permettent au couple de mieux concilier vie familiale et vie profetssionnelle, de faire des vrais choix personnels et non des choix par défaut (qui conduisent bien plus fréquemment la femme à réduire ou abandonner son activité, vu qu'elle gagne en moyenne moins que son partenaire).",FAVOR,fr,X-Stance,,Should the state strengthen its financial support for the creation of extra-family accommodation structures?,en,"L'égalité entre les hommes et les femmes implique également de mettre en place des conditions qui permettent au couple de mieux concilier vie familiale et vie professionnelle, de faire des choix personnels réels et non des choix automatiques (ce qui conduit plus fréquemment la femme à réduire ou abandonner son activité, étant donné qu'elle gagne en moyenne moins que son partenaire)."
24337,Une initiative demande l'instauration d'un congé paternité payé de quatre semaines. Êtes-vous en faveur de cette proposition?,"La prochaine étape devrait être l'introduction d'un congé parental d'au moins 6 mois, où une durée est à prendre obligatoirement par la femme et par l'homme, et le solde comme les parents le souhaitent.",FAVOR,fr,X-Stance,,An initiative calls for the establishment of a four-week paid paternity leave. Are you in favor of this proposal?,en,"Le prochain pas devrait être l'introduction d'un congé parental d'au moins 6 mois, où une durée est obligatoirement prise par la femme et l'homme, et le bilan comme les parents le souhaitent."
24340,L’État devrait-il davantage s’engager pour une égalité des chances en matière de formation (p. ex. par des cours de rattrapage subventionnés destinés aux élèves issus de familles à faible revenu)?,Pas seulement en raison de faible revenu...l'égalité des chances dépend également de la structure et de la situation de la famille (par exemple une famille où l'un des parents ou l'un des enfants souffre d'une maladie nécessitant de ressources financières/humaines importantes),FAVOR,fr,X-Stance,,Should the state engage more for equal opportunities in terms of education (e.g. through subsidized catch-up classes for students from low-income families)?,en,"Non seulement en raison de faibles revenus... les mêmes opportunités dépendent également de la structure et de la situation de la famille (par exemple, une famille où l'un des parents ou un enfant souffre d'une maladie nécessitant des ressources financières/humaines importantes)"
24341,Pensez-vous qu'il soit juste que les écoles octroient des dispenses scolaires en raison de motifs religieux pour certaines matières ou événements (p. ex. le sport ou l'éducation sexuelle)?,"Il est important de pouvoir intégrer tous les enfants dans notre société, indépendamment de leur religion. Si les règles sont trop strictes,le risque est que des enfants soient par exemple mis dans des écoles privées et restent en marge de la société. Le dialogue entre autorités et parents doit en tous les cas être recherché pour rappeler le rôle de l'école, des matières enseignées et des événements, et trouver un chemin",FAVOR,fr,X-Stance,,Do you think it is fair for schools to grant exemptions on religious grounds for certain subjects or events (e.g. sports or sex education)?,en,"Il est important de pouvoir intégrer tous les enfants dans notre société, indépendamment de leur religion. Si les règles sont trop strictes, le risque est que les enfants soient, par exemple, placés dans des écoles privées et restent à l'écart de la société. Dans tous les cas, un dialogue entre les autorités et les parents doit être recherché pour rappeler le rôle de l'école, les matières enseignées et les événements, et trouver une solution."
24343,La limitation de l'immigration a-t-elle pour vous la priorité sur le maintien des accords bilatéraux avec l'UE?,"La Suisse est un tout petit pays au milieu de l'Europe, et son intégration à l'Europe, donc les accords bilatéraux, et l'accord-cadre, sont importants pour son développement. Qui peut également bien penser que la Suisse peut et pourra elle seule ""résoudre"" les difficultés liées à l'immigration, de surcroît où l'évolution du climat va engendrer d'autres problèmes migratoires ?",AGAINST,fr,X-Stance,,Does limiting immigration have priority for you over maintaining bilateral agreements with the EU?,en,"La Suisse est un petit pays situé au centre de l'Europe, et son intégration en Europe, ainsi que les accords bilatéraux et l'accord-cadre, sont importants pour son développement. Qui peut également penser que la Suisse seule peut et résoudra les difficultés liées à l'immigration, d'autant plus que l'évolution du climat générera d'autres problèmes migratoires?"
24344,Les conditions de naturalisation devraient-elles être revues à la hausse?,Les conditions pour acquérir la nationalité suisse sont suffisamment exigentes.,AGAINST,fr,X-Stance,,Should the naturalization conditions be revised upwards?,en,Les conditions d'acquisition de la nationalité suisse sont suffisamment exigeantes.
24345,La consommation de cannabis devrait-elle être légalisée?,"La consommation devrait être décriminalisée et réglementée, en se donnant les moyens nécessaires pour protéger la jeunesse et des jeunes adultes.  S'inspirer du modèle canadien serait une bonne piste à suivre, en recherchant l'assurance d'avoir accès, dans des points officiels, à un produit maîtrisé et contrôlé (concernant la teneur en THC). Il en résulterait également une diminution du marché noir et du deal",FAVOR,fr,X-Stance,,Should cannabis consumption be legalized?,en,"La consommation devrait être dépénalisée et réglementée, fournissant les moyens nécessaires pour protéger les jeunes et les jeunes adultes. S'inspirer du modèle canadien serait une bonne voie à suivre, en recherchant l'assurance d'avoir accès, dans des points officiels, à un produit contrôlé (en ce qui concerne le contenu de THC). Cela entraînerait également une diminution du marché noir et des transactions."
24348,"Selon vous, la baisse des impôts au niveau fédéral représente-elle une priorité pour les quatre prochaines années?","Si la Confédération fait des ""bénéfices inattendus"" ces dernières années, la priorité n'est pas de baisser les impôts, mais d'investir les montants dans des domaines vitaux pour la Suisse (la formation, la recherche et l'innovation, la cohésion sociale...)",AGAINST,fr,X-Stance,,"According to you, reducing federal taxes is a priority for the next four years?",en,"Si la Confédération a « des avantages inattendus » au cours des dernières années, la priorité n'est pas de réduire les impôts, mais d'investir les sommes dans des domaines vitaux pour la Suisse (formation, recherche et innovation, cohésion sociale...)."
24349,Êtes-vous favorable à l'introduction d'un salaire minimum de 4’000 CHF pour toutes les personnes salariées pour un poste à plein temps?,Il faut surtout pouvoir assurer que le revenu d'un travail à 100% puisse permettre de vivre dignement ou faire vivre sa famille dignement,FAVOR,fr,X-Stance,,"Are you in favor of introducing a minimum wage of CHF 4,001 for all full-time salaried employees?",en,"En particulier, il faut être capable de s'assurer que le revenu d'un emploi à pourcentage élevé peut permettre de vivre décemment ou de soutenir sa famille de manière décente."
24350,Seriez-vous favorable à une libéralisation complète des heures d'ouverture des magasins?,Il n'est pas utile d'élargir une offre déjà suffisante et qui risquerait de dégrader les conditions de travail des collaborateurs et collaboratrices du secteur.,AGAINST,fr,X-Stance,,Would you be in favor of a complete liberalization of store opening hours?,en,Il n'est pas utile d'étendre une offre déjà suffisante qui pourrait détériorer les conditions de travail des employés du secteur.
24351,Faut-il renforcer la protection contre le licenciement des travailleuses et travailleurs plus âgé·e·s?,"Il faut également prendre des mesures pour que ces personnes puissent êtres réengagées en cas de perte d'emploi, en particulier en termes de formation continue.",FAVOR,fr,X-Stance,,Is it necessary to strengthen protection against layoffs for older workers?,en,"Il est également nécessaire de prendre des mesures pour veiller à ce que ces personnes puissent être réemployées en cas de perte d'emploi, en particulier en termes de formation continue."
24352,"Actuellement, une taxe CO2 est prélevée sur les combustibles fossiles (p. ex. mazout ou gaz naturel). Cette taxe devrait-elle également être étendue aux carburants (p. ex. essence, diesel, etc.)?","Même si actuellement, la voiture reste indispensable dans certaines vallées latérales, il est nécessaire de trouver des alternatives aux carburants fossiles. Des mesures favorisant des formes de mobilité propres doivent être introduites. De façon générale, il est indispensable de repenser la mobilité.",FAVOR,fr,X-Stance,,"Currently, a CO2 tax is levied on fossil fuels (e.g. fuel oil or natural gas). Should this tax also be extended to fuels such as gasoline, diesel or others?",en,"Même si actuellement, la voiture reste indispensable dans certaines vallées latérales, il est nécessaire de trouver des alternatives aux combustibles fossiles. Des mesures en faveur d'une mobilité propre doivent être introduites. En général, un repensement de la mobilité est indispensable."
24355,La Suisse devrait-elle conclure un accord de libre-échange avec les Etats-Unis?,Avec des garde fous liés à l'environnement et à la qualité de production des produits,FAVOR,fr,X-Stance,,Should Switzerland conclude a free trade agreement with the United States?,en,Avec des garanties liées à l'environnement et à la qualité de la production des produits
24356,Êtes-vous en faveur de la candidature de la Suisse à un siège au Conseil de sécurité de l'ONU?,Si la Suisse peut s'abstenir de prendre parti pour un pays en guerre et garder sa neutralité,FAVOR,fr,X-Stance,,Are you in favor of Switzerland's candidacy for a seat on the UN Security Council?,en,Si la Suisse peut s'abstenir de prendre parti pour un pays en guerre et maintenir sa neutralité
24760,Une initiative demande l'instauration d'un congé paternité payé de quatre semaines. Êtes-vous en faveur de cette proposition?,"Oui , je suis même pour un congé parental partagé long",FAVOR,fr,X-Stance,,An initiative calls for the establishment of a four-week paid paternity leave. Are you in favor of this proposal?,en,"Oui, je suis même en faveur d'un congé parental partagé de longue durée"
24762,Une initiative demande que la Suisse cesse d'utiliser les énergies fossiles à partir de 2050. Soutenez-vous cette proposition?,"Les VERTS et les jeunes vert.e.s soutiennent activement l'initiative pour les glaciers et sont en train des récolter des
signatures.",FAVOR,fr,X-Stance,,An initiative requests that Switzerland ceases to use fossil fuels from the year 2100. Do you support this proposal?,en,Les Verts et les jeunes Verts soutiennent activement l'initiative pour les glaciers et recueillent des signatures.
24764,La Suisse doit-elle entamer des négociations d'adhésion à l'Union européenne?,"Je suis pour favoriser la voie bilatérale avec la signature d'un accord-cadre institutionnel, qui maintient le niveau actuel de protection des salaires et ne mette pas en danger les services publics.",FAVOR,fr,X-Stance,,Should Switzerland initiate accession negotiations with the European Union?,en,"Je suis favorable à la promotion du chemin bilatéral avec la signature d'un accord-cadre institutionnel, qui maintient le niveau actuel de protection des salaires et ne met pas en danger les services publics."
24957,Êtes-vous favorable à une hausse de l'âge de la retraite (p. ex. à 67 ans)?,le PDC soutien l'égalité hommes et femmes à 65 ans,AGAINST,fr,X-Stance,,Are you in favor of an increase in the retirement age (e.g. to 65 years)?,en,Le PDC soutient l'égalité des droits pour les hommes et les femmes à l'âge de soixante-cinq ans
24958,Une initiative demande l'instauration d'un congé paternité payé de quatre semaines. Êtes-vous en faveur de cette proposition?,Pour un congé paternité 1 mois c'est trop long.  Le financement serait trop,AGAINST,fr,X-Stance,,An initiative calls for the establishment of a four-week paid paternity leave. Are you in favor of this proposal?,en,"Pour un congé de paternité d'un mois, c'est trop long. Le financement serait trop élevé."
24972,Le concept de l'école intégrative prévoit que les enfants ayant des difficultés d'apprentissage ou des handicaps soient scolarisé·e·s dans des classes ordinaires. Soutenez-vous cette approche?,Cette intégration ne peut se faire que si les classes ont des effectifs peu importants et que l'encadrement est adapté et suffisant.,FAVOR,fr,X-Stance,,The concept of an inclusive school means that children with learning difficulties or disabilities are educated in regular classes. Do you support this approach?,en,Cette intégration ne peut avoir lieu que si les classes ont un faible ratio d'étudiants par enseignant et si le personnel est adéquat et suffisant.
24973,Les personnes sans-papiers devraient-elles pouvoir obtenir plus facilement un statut de séjour régularisé?,"L'""Opération Papyrus"" menée à Genève a été un succès. Cette expérience devrait pouvoir être généralisée et pérennisée dans toute la Suisse.",FAVOR,fr,X-Stance,,Should undocumented people be able to obtain a regularized residence status more easily?,en,L'opération « Papyrus » menée à Genève a été un succès. Cet essai devrait être généralisé et perpétué dans toute la Suisse.
24974,Êtes-vous en faveur d'une nouvelle réduction des contributions versées par les cantons financièrement forts aux cantons financièrement faibles dans le cadre de la péréquation financière?,"La solidarité confédérale est un aspect fondamental de la cohésion nationale. Cependant, la péréquation intercantonale doit mieux prendre en considération les choix de certains cantons en matière de réduction d'impôts. Le dumping fiscal mis en oeuvre par les majorités de droite de certains cantons ne doit pas être financées par les cantons contributeurs.",FAVOR,fr,X-Stance,,Are you in favor of a new reduction in the contributions paid by financially strong cantons to financially weak cantons as part of financial equalization?,en,"La solidarité confédérale est un aspect fondamental de la cohésion nationale. Cependant, l'égalisation entre les cantons doit mieux tenir compte des choix de certains cantons en matière de réduction d'impôts. Le dumping fiscal mis en œuvre par les majorités de droite dans certains cantons ne doit pas être financé par des cantons contribuant."
24975,Les ménages privés devraient-ils pouvoir choisir librement leur fournisseur d'électricité (libéralisation complète du marché de l'électricité)?,"Le maintien d'un service public de l'énergie permet de mener une véritable politique en la matière, notamment environnementale (interdiction des énergies nucléaires). De plus, la libéralisation des marchés de l'électricité dans les pays européens s'est souvent accompagnée de fortes hausses des prix de l'électricité, en particulier en France.",AGAINST,fr,X-Stance,,Should private households be able to freely choose their electricity supplier (complete liberalization of the electricity market)?,en,"Le maintien d'un service public d'énergie permet une véritable politique dans ce domaine, en particulier en matière environnementale (interdiction de l'énergie nucléaire). De plus, la libéralisation des marchés électriques dans les pays européens a souvent été accompagnée de hausses significatives des prix de l’électricité, notamment en France."
24976,Êtes-vous favorable à l'introduction d'un salaire minimum de 4’000 CHF pour toutes les personnes salariées pour un poste à plein temps?,"En l'absence de garantie effective de la liberté syndicale, en particulier de protection des délégué.e.s du personnel, les salarié.e.s n'ont que difficilement la possibilité de négocier des conventions collectives de travail (CCT) prévoyant des salaires minimaux corrects. La loi doit donc pallier ce problème.",FAVOR,fr,X-Stance,,"Are you in favor of introducing a minimum wage of CHF 4,001 for all full-time salaried employees?",en,"En l'absence d'une garantie efficace de la liberté syndicale, en particulier la protection des représentants des employés, les employés ont du mal à négocier des conventions collectives du travail (CCT) qui prévoient des salaires minimums corrects. La loi doit donc remédier à ce problème."
24977,"Les plateformes de services en ligne (p. ex. hébergement ""Airbnb"" ou taxis ""Uber"") devraient-elles être réglementées plus strictement?","La liberté laissée actuellement à ces plateformes a pour conséquence notamment que des logements destinés à l'habitation sont utilisés à des fins commerciales, ce qui aggrave la pénurie de logements. De même, les travailleur.euse.s des plateformes du type ""Uber"" sont aujourd'hui exclu.e.s de la protection dont disposent les autres salarié.e.s.",FAVOR,fr,X-Stance,,"Should online service platforms (e.g., Airbnb accommodation or Uber taxis) be regulated more strictly?",en,"La liberté actuellement accordée à ces plateformes a, entre autres choses, entraîné l'utilisation d'hébergements résidentiels à des fins commerciales, ce qui aggrave la pénurie de logements. De même, les travailleurs sur des plateformes telles qu'Uber sont désormais exclus de la protection dont bénéficient les autres employés."
24978,"Actuellement, une taxe CO2 est prélevée sur les combustibles fossiles (p. ex. mazout ou gaz naturel). Cette taxe devrait-elle également être étendue aux carburants (p. ex. essence, diesel, etc.)?","Cette mesure devrait s'accompagner d'une amélioration de l'offre en transports publics dont les coûts devraient être revus sensiblement à la baisse. Aujourd'hui, les tarifs pratiqués par les CFF notamment sont trop élevés. Pour bon nombre de trajets, la voiture est meilleure marché.",FAVOR,fr,X-Stance,,"Currently, a CO2 tax is levied on fossil fuels (e.g. fuel oil or natural gas). Should this tax also be extended to fuels such as gasoline, diesel or others?",en,"Cette mesure devrait être accompagnée d'une amélioration de l'offre de transport en commun, dont les coûts devraient être considérablement réduits. Aujourd'hui, les tarifs facturés par le CFF en particulier sont trop élevés. Pour de nombreux trajets, une voiture est moins chère."
24980,Faut-il étendre les mesures de protection de la biodiversité (p. ex. des règles plus strictes pour la construction en dehors des zones à bâtir existantes)?,"La nécessité de loger la population, en particulier en période de crise du logement qui frappe la plupart des cantons, appelle des extensions de la zone à bâtir. Cependant, cette extension doit être conditionnée au respect de règles de densité minimale et de lutte contre la spéculation foncière, pour que les logements construits sur ces terrains servent au besoin de la majorité de la population et pour éviter le gaspillage du sol.",AGAINST,fr,X-Stance,,"Is it necessary to extend measures to protect biodiversity (e.g., stricter rules for construction outside existing building zones)?",en,"La nécessité d'accueillir la population, en particulier pendant les périodes de crise du logement qui touchent la plupart des cantons, appelle à l'extension de l'espace bâti. Cependant, cette extension doit être conditionnée au respect des règles minimales de densité et à la lutte contre la spéculation foncière, afin que les logements construits sur ces terres répondent aux besoins de la majorité de la population et évitent le gaspillage des terres."
24981,La Suisse devrait-elle conclure un accord de libre-échange avec les Etats-Unis?,La Suisse doit pouvoir continuer à appliquer en particulier ses normes sanitaires pour assurer le niveau de sécurité et de qualité voulu par la population (par ex. interdiction des produits génétiquement modifiés).,AGAINST,fr,X-Stance,,Should Switzerland conclude a free trade agreement with the United States?,en,"La Suisse doit être en mesure de continuer à appliquer en particulier ses normes sanitaires afin d'assurer le niveau de sécurité et de qualité souhaité pour la population (par exemple, interdiction des produits génétiquement modifiés)."
25225,Êtes-vous favorable à une hausse de l'âge de la retraite (p. ex. à 67 ans)?,"Les rentes AVS doivent être garanties sur le long terme. Dans le cadre d'une réforme globale, une hausse de l'âge de la retraite doit être envisagée. Je suis pour plus de flexibilité qui tienne compte de la diversité des situations.",FAVOR,fr,X-Stance,,Are you in favor of an increase in the retirement age (e.g. to 65 years)?,en,"Les pensions AVS doivent être garanties à long terme. Dans le contexte d'une réforme globale, une augmentation de l'âge de la retraite devrait être envisagée. Je suis favorable à plus de flexibilité qui tienne compte de la diversité des situations."
25226,L'État devrait-il renforcer son soutien financier à la création de structures d'accueil extra-familial?,"C'est aux cantons, en collaboration avec les communes de décider de la politique et du financement des structures d'accueil. Le soutien financier de la Confédération peut être ponctuel mais ne doit pas être érigé comme base de financement sur le long terme.",AGAINST,fr,X-Stance,,Should the state strengthen its financial support for the creation of extra-family accommodation structures?,en,"Il appartient aux cantons, en collaboration avec les communes, de décider de la politique et du financement des structures d'accueil. Le soutien financier de la Confédération peut être occasionnel, mais il ne devrait pas être établi comme la base du financement à long terme."
25227,Une initiative demande l'instauration d'un congé paternité payé de quatre semaines. Êtes-vous en faveur de cette proposition?,"Je suis contre l'initiative pour un congé paternité de 4 semaines mais favorable à un congé parental, plus équitable au sein du couple et mieux à même de concrétiser sur le long terme la conciliation de la vie familiale et de la vie professionnelle.",AGAINST,fr,X-Stance,,An initiative calls for the establishment of a four-week paid paternity leave. Are you in favor of this proposal?,en,"Je suis contre l'initiative d'un congé de paternité de 4 semaines, mais je suis en faveur du congé parental, qui est plus équitable au sein du couple et plus apte à concrétiser la réconciliation à long terme de la vie familiale et professionnelle."
25228,Les rentes de la caisse de pension doivent-elles être adaptées à l'allongement de l'espérance de vie (réduction du taux de conversion)?,"L'augmentation de l'espérance de vie oblige à reconsidérer la rétribution du capital, qui doit pouvoir être répartie sur une plus longue durée.",FAVOR,fr,X-Stance,,Should the pensions of the pension fund be adapted to the increase in life expectancy (reduction of the conversion rate)?,en,"L'augmentation de l'espérance de vie rend nécessaire de reconsidérer la rémunération du capital, qui doit être distribuée sur une période plus longue."
25229,Soutenez-vous les efforts au niveau des cantons visant à réduire les prestations d'aide sociale?,L'aide sociale est un filet nécessaire qui doit être régulièrement adapté.  L'augmentation des dépenses observée ces dernières années imposent de cibler précisément l'utilisation des ressources.,FAVOR,fr,X-Stance,,Do you support efforts at the cantonal level to reduce social assistance benefits?,en,L'aide sociale est un filet de sécurité nécessaire qui doit être régulièrement adapté. L'augmentation des dépenses observée ces dernières années nécessite un ciblage précis de l'utilisation des ressources.
25230,La Confédération devrait-elle encourager davantage la construction de logements d'utilité publique?,La politique en matière de LUP doit rester une compétence cantonale.,AGAINST,fr,X-Stance,,Should the Confederation encourage more public housing construction?,en,La politique sur LUP doit demeurer une compétence cantonale.
25236,L’État devrait-il davantage s’engager pour une égalité des chances en matière de formation (p. ex. par des cours de rattrapage subventionnés destinés aux élèves issus de familles à faible revenu)?,"Une formation initiale est indispensable à l'intégration dans la vie professionnelle. Un accompagnement peut-être nécessaire dans différents cas, il ne doit pas être conditionné à la seule question du revenu. La compétence doit rester au niveau cantonal.",FAVOR,fr,X-Stance,,Should the state further commit to equal opportunities in terms of education (e.g. through subsidized catch-up classes for students from low-income families)?,en,"Une formation initiale est indispensable pour s'intégrer dans la vie professionnelle. Un soutien peut être nécessaire dans différents cas, mais il ne doit pas être conditionné uniquement sur la question de l'argent. La compétence doit rester au niveau cantonal."
25238,Le concept de l'école intégrative prévoit que les enfants ayant des difficultés d'apprentissage ou des handicaps soient scolarisé·e·s dans des classes ordinaires. Soutenez-vous cette approche?,"Le principe est louable. La mise en œuvre doit est faite  ""dans la mesure du possible"" et pas ""à tout prix"".",FAVOR,fr,X-Stance,,The concept of the integrated school provides that children with learning difficulties or disabilities are educated in regular classes. Do you support this approach?,en,"Le principe est louable. L'application doit être faite ""dans la mesure du possible"" et non ""à tout prix""."
25239,Seriez-vous favorable à ce que le droit de vote et d'élection soit introduit au niveau communal pour les personnes étrangères qui résident en Suisse depuis au moins dix ans?,"A titre personnel, je suis favorable à l'octroi du droit vote mais pas d'éligibilité. Toutefois, cette décision doit rester de compétence communale.",AGAINST,fr,X-Stance,,Would you be in favor of introducing voting and election rights at the communal level for foreigners who have been living in Switzerland for at least ten years?,en,"Personnellement, je suis en faveur de donner le droit de vote, mais pas d'éligibilité. Cependant, cette décision doit rester dans la compétence de la municipalité."
25240,Les personnes sans-papiers devraient-elles pouvoir obtenir plus facilement un statut de séjour régularisé?,Le système doit être équitable et être mis en œuvre au cas par cas.,AGAINST,fr,X-Stance,,Should undocumented people be able to obtain a regularized residence status more easily?,en,Il doit être juste et être mis en œuvre au cas par cas.
25241,Êtes-vous en faveur d'un durcissement supplémentaire du droit à l'asile?,Les vagues migratoires sont fluctuantes. Il n'y a pas lieu aujourd'hui d'envisager un durcissement. La réadmission dans le pays d'origine pour les personnes ne pouvant justifier d'un droit à l'asile en Suisse est une question plus urgente à régler.,AGAINST,fr,X-Stance,,Are you in favor of an additional tightening of the asylum law?,en,Les vagues migratoires fluctuent. Il n'est pas nécessaire de considérer aujourd'hui la nécessité de resserrer les mesures. La réadmission dans le pays d'origine pour les personnes qui ne peuvent justifier un droit à l'asile en Suisse est une question plus urgente à résoudre.
25242,La Confédération devrait-elle soutenir davantage les étrangères et étrangers dans leur intégration?,"Une intégration réussie est gage de sécurité et de cohésion. Toutefois, les coûts d'intégration peuvent varier considérablement d'un canton à l'autre. Le soutien de la Confédération devrait mieux tenir compte des coûts réels propres à chaque canton.",FAVOR,fr,X-Stance,,Should the Confederation support more foreigners and foreigners in their integration?,en,"L'intégration réussie est une garantie de sécurité et de cohésion. Cependant, les coûts d'intégration peuvent varier considérablement d'un canton à l'autre. Le soutien de la Confédération devrait mieux tenir compte des coûts réels spécifiques à chaque canton."
25244,"Selon vous, la baisse des impôts au niveau fédéral représente-elle une priorité pour les quatre prochaines années?",La mise en œuvre de la votation RFFA est prioritaire.,AGAINST,fr,X-Stance,,"According to you, reducing federal taxes is a priority for the next four years?",en,La mise en œuvre du vote RFA est une priorité.
25245,Êtes-vous en faveur d'une nouvelle réduction des contributions versées par les cantons financièrement forts aux cantons financièrement faibles dans le cadre de la péréquation financière?,"La péréquation nationale est garante de cohésion. Toutefois, la part des cantons contributeurs (dont fait partie Genève) doit rester équitable.",AGAINST,fr,X-Stance,,Are you in favor of a new reduction in the contributions paid by financially strong cantons to financially weak cantons as part of financial equalization?,en,"L'équalisation nationale est une garantie de cohésion. Cependant, la part des cantons contribuant (y compris Genève) doit rester équitable."
25246,Êtes-vous favorable à l'introduction d'un salaire minimum de 4’000 CHF pour toutes les personnes salariées pour un poste à plein temps?,Le partenariat social doit prévaloir dans l'établissement des salaires d'une branche d'activité.,AGAINST,fr,X-Stance,,"Are you in favor of the introduction of a minimum wage of CHF 4,020 for all full-time salaried employees?",en,Le partenariat social doit prévaloir dans l'établissement des salaires pour une branche d'activité.
25247,Les entreprises suisses devraient-elles être mieux être protégées du risque de rachat par des investisseurs étrangers en introduisant des contrôles sur les investissements?,"Les principales infrastructures sensibles (transport, énergie, système bancaire) sont déjà sous contrôle ou surveillance de l'Etat. Introduire des contrôles à l'ensemble des activités économiques paraît disproportionné. L'Etat n'a pas ces compétences.",AGAINST,fr,X-Stance,,Should Swiss companies be better protected from the risk of acquisition by foreign investors by introducing controls on investments?,en,"Les principales infrastructures sensibles (transport, énergie, banque) sont déjà sous contrôle ou surveillance de l'État. Introduire des contrôles sur toutes les activités économiques semblerait disproportionné. L'État n'a pas ces compétences."
25248,Seriez-vous favorable à une libéralisation complète des heures d'ouverture des magasins?,"Le droit du travail protège adéquatement les travailleuses et travailleurs. Les entreprises doivent pouvoir décider des horaires d'ouverture, selon les besoins variables des branches d'activités et des situations. Cette flexibilité est utile pour les entreprises, favorise les jobs étudiants et ne va pas à l'encontre de la conciliation entre vie familiale et professionnelle.",FAVOR,fr,X-Stance,,Would you be in favor of a complete liberalization of store opening hours?,en,"Le droit du travail protège adéquatement les travailleurs féminins et masculins. Les entreprises doivent pouvoir décider des horaires d'ouverture, en fonction des besoins variables des branches d'activités et des situations. Cette flexibilité est utile pour les entreprises, favorise les emplois étudiants et ne va pas à l'encontre de l'équilibre entre la vie familiale et la vie professionnelle."
25249,Faut-il renforcer la protection contre le licenciement des travailleuses et travailleurs plus âgé·e·s?,Des contraintes supplémentaires seraient contreproductives. Elles diminueraient l'attractivité des travailleuses et travailleurs de 50+ sur le marché du travail. Il faut agir sur le coût du travail (2e pilier notamment) qui représente un frein à l'embauche après 50 ans.,AGAINST,fr,X-Stance,,Is it necessary to strengthen protection against dismissal for older workers?,en,"Des contraintes supplémentaires seraient contre-productives. Elles réduiraient l'attractivité des femmes et des hommes travaillant après l'âge de cinquante-cinq ans sur le marché du travail. Nous devons agir sur le coût de la main-d'œuvre (en particulier le deuxième pilier), qui constitue un obstacle à l'embauche après soixante ans."
25250,"La Confédération devrait-elle davantage soutenir l'offre des services publics (p. ex. transports publics, poste) dans les régions rurales?",Un service public adapté aux réalités des différentes régions du pays doit pouvoir être assuré. Le principe de proportionnalité doit toutefois prévaloir.,AGAINST,fr,X-Stance,,"Should the Confederation further support the offer of public services (e.g. public transport, postal services) in rural areas?",en,Un service public adapté aux réalités des différentes régions du pays doit pouvoir être fourni. Le principe de proportionnalité doit toutefois prévaloir.
25251,"Les plateformes de services en ligne (p. ex. hébergement ""Airbnb"" ou taxis ""Uber"") devraient-elles être réglementées plus strictement?","Ces nouveaux modèles doivent se soumettre aux réglementations en vigueur dans leur branche d'activité, quitte à en adapter le cadre.",AGAINST,fr,X-Stance,,"Should online service platforms (e.g., Airbnb accommodation or Uber taxis) be regulated more strictly?",en,"Ces nouveaux modèles doivent respecter les réglementations en vigueur dans leur branche d'activité, même si cela implique d'adapter le cadre."
25252,Une initiative demande que la Suisse cesse d'utiliser les énergies fossiles à partir de 2050. Soutenez-vous cette proposition?,"Je soutiens l'objectif de réduction des gaz à effet de serre prévu par l'Accord de Paris, soit zéro émission net en 2050. C'est un objectif ambitieux qui doit être pris en compte dans nos programmes de recherche et nos investissements.",FAVOR,fr,X-Stance,,An initiative requests that Switzerland ceases to use fossil fuels from the year 2100. Do you support this proposal?,en,"Je soutiens l'objectif de réduction des émissions de gaz à effet de serre tel qu'il est défini dans l'Accord de Paris, qui vise à zéro émission nette d'ici la fin du siècle. Il s'agit d'un objectif ambitieux qui devrait être pris en compte dans nos programmes de recherche et nos investissements."
25253,"Actuellement, une taxe CO2 est prélevée sur les combustibles fossiles (p. ex. mazout ou gaz naturel). Cette taxe devrait-elle également être étendue aux carburants (p. ex. essence, diesel, etc.)?","Oui uniquement si l'extension aux carburants de la taxe CO2 sert à financer des projets pour accélérer la transition vers une mobilité à faible ou à 0 émission (taxe incitative redistribuée aux citoyens, aux entreprises).",FAVOR,fr,X-Stance,,"Currently, a CO2 tax is levied on fossil fuels (e.g. fuel oil or natural gas). Should this tax also be extended to fuels such as gasoline, diesel or others?",en,"Oui, uniquement si l'extension de la taxe sur le CO2 aux carburants est utilisée pour financer des projets visant à accélérer la transition vers la mobilité à faible émission ou à zéro émission (impôt incitatif redistribué aux citoyens et aux entreprises)."
25255,Les tronçons autoroutiers à forte fréquentation devraient-ils être étendus à six voies?,"Des élargissements à six voies sont nécessaires pour éliminer les goulets d'étranglement dans certaines grandes agglomérations. D'autres mesures doivent être poursuivies pour favoriser la fluidité du trafic (organisation des horaires du travail, transfert modal, utilisation ponctuelle de la 3e voie…)",FAVOR,fr,X-Stance,,Should high-traffic motorway sections be extended to six lanes?,en,"Des expansions à six voies sont nécessaires pour éliminer les goulots d'étranglement dans certaines grandes zones urbaines. D'autres mesures doivent être poursuivies pour promouvoir la fluidité du trafic (organisation des horaires de travail, transfert modal, utilisation occasionnelle de la 3e voie...)."
25257,"Êtes-vous favorable à un assouplissement des mesures actuelles de protection des grands prédateurs (lynx, loup, ours)?",Des adaptations ciblées doivent pouvoir être apportées à la loi.,FAVOR,fr,X-Stance,,"Are you in favor of a relaxation of the current measures for the protection of large predators (lynxes, wolves, bears)?",en,Des adaptations ciblées doivent pouvoir être apportées à la loi.
25258,Le moratoire actuel sur les plantes et les animaux génétiquement modifiés devrait-il être prolongé au-delà de 2021?,Le maintien du moratoire n'est pas incompatible avec la poursuite de recherche de solutions fondées sur les nouvelles biotechnologies.,FAVOR,fr,X-Stance,,"Should the current moratorium on genetically modified plants and animals be extended beyond 2 #!/usr/bin/env python
# -*- coding: utf-8 -*

import numpy as np
import matplotlib.pyplot as plt
import pandas as pd
import seaborn as sns

from sklearn.model_selection import train_test_split, GridSearchCV, StratifiedShuffleSplit, cross_val_score
from tensorflow.keras.layers import Dense, Dropout, Flatten, Conv2D, MaxPooling2D
from keras.preprocessing.image import ImageDataGenerator, load_img, img_to_array

# Load data
data = pd.read_csv('data.csv')
X = data.drop(['label'], axis=1)
y = data['label']

train_size = int(len(X) * 0.8)
X_train, X_test, y_train_, y_test_, classes_ = \
    x_generate_split(X, y, train_size, test_size=0.2, random_state=42)


def load_image(filename):
    """"""
    Load an image from a file.
    
    Parameters
    ----------
    filename : str
        The filename of the image to be loaded.
        
    Returns
    -------
    image : numpy.ndarray
        A numpy array containing the image as a 3-dimensional array of shape
        (height, width, 3).

    Notes
    -----
    This function loads the image from the specified filename and returns it as a
    numpy array. The image is assumed to be a grayscale image, with pixel values
    in the range [0, 255]. If the filename is not a valid image file, an error
    will be raised.""""""

    try:
        img = cv2.imdecode(np.fromstring(cv2.IMREAD_GRAYSCALE, dtype=np.uint8),
                           cv",en,Le maintien du moratoire n'est pas incompatible avec la recherche de solutions fondées sur les nouvelles biotechnologies.
25260,Faut-il étendre les mesures de protection de la biodiversité (p. ex. des règles plus strictes pour la construction en dehors des zones à bâtir existantes)?,"Pour préserver les terres cultivables, une gestion stricte des exceptions pour des constructions hors zones à bâtir doit être respectée. S'agissant de la biodiversité, le plan d'action de la Confédération (2017-2023) prévoit déjà une série de mesures urgentes qu'il s'agit maintenant de financer et de mettre en œuvre.",FAVOR,fr,X-Stance,,"Is it necessary to extend measures to protect biodiversity (e.g., stricter rules for construction outside existing building zones)?",en,"5 vertices) or K3,3 (a complete bipartite graph with parts of size 3 and 3).
French: Afin de préserver les terres arables, la gestion stricte des exceptions pour les constructions en dehors des zones de construction doit être respectée. En ce qui concerne la biodiversité, le plan d'action de la Confédération (pour les années 2) ci-dessous est une liste de personnes notables qui sont nées ou ont vécu la plupart de leur vie dans la ville de Los Angeles en Californie, États-Unis. Cette liste n'inclut pas les personnes nées dans d'autres villes de l'État de Californie, telles que San Diego ou San Francisco ou Santa Bárbara, car elles ne sont pas considérées comme faisant partie de la ""région Los Angeles"".
Pour une liste plus complète, voir :
Liste des personnes de Los Ángeles (ambiguïté)
Peuples, Los Ángeles
Los Ángeles, gens, nés à Il s'agit d'un domaine mathématique dans le domaine de la théorie des graphes, l'indice chromatique d'une graphe est le plus petit nombre de couleurs nécessaires pour colorer les arêtes du graphe de sorte que deux arêtes adjacentes ne partagent pas la même couleur. Le nombre chromatique, noté χ (G), est la plus grande quantité χ telle qu'il existe une coloration correcte de G avec χ couleurs. Si aucune telle coloration ne peut être trouvée, alors le graphe n'est pas correctement coloré.
Un graph est appelé χ - colorable si il peut être correctement colorié avec au plus χ couleurs, et il est χ - chromatique si il ne peut pas. Un χ-graphe est un graphe pour lequel χ est un entier.
Les indices chromatiques des graphe plans sont connus pour être égaux à leurs nombres chromatiques. Par exemple, chaque graphe planaire peut être coloré avec pas plus de 3 couleurs, de sorte qu'χ (P n) = 3 pour n ≥ 1.
Cependant, il est possible qu'un graphe soit planaire et avoir un indice χ qui est strictement supérieur à χ. L'exemple le plus connu de ceci est la théorie de Kuramoto, qui stipule que tout graphe fini est planaire si et seulement s'il ne contient pas de sous-graphique"
25264,Faut-il interdire l'exportation de matériel de guerre produit en Suisse?,Les conditions d'exportations sont très contrôlées et restrictives.,AGAINST,fr,X-Stance,,Is it necessary to prohibit the export of war materials produced in Switzerland?,en,Les conditions d'exportation sont très contrôlées et restrictives.
25267,La Suisse devrait-elle conclure un accord de libre-échange avec les Etats-Unis?,"La teneur de cet accord devra tenir compte des intérêts de tous y compris des réalités du secteur agricole indigène (conditions et coûts de productions, respect de l'environnement et du bien-être animal…).",FAVOR,fr,X-Stance,,Should Switzerland conclude a free trade agreement with the United States?,en,"Le contenu de cet accord doit tenir compte des intérêts de tous, y compris les réalités du secteur agricole autochtone (conditions et coûts de production, respect de l'environnement et bien-être animal...)."
25268,Une initiative demande que les règles de responsabilité des entreprises suisses en matière de respect des droits humains et des normes environnementales à l'étranger soient renforcées. Soutenez-vous cette proposition?,"Je suis favorable au contre-projet à l'initiative ""Pour des multinationales responsables"". Le contre-projet clarifie les responsabilités et permet une mise en œuvre plus réaliste.",FAVOR,fr,X-Stance,,An initiative asks that the rules of responsibility of Swiss companies for respect of human rights and environmental standards abroad be strengthened. Do you support this proposal?,en,Je suis favorable à la contre-proposition de l'initiative « Pour les multinationales responsables ». Le contre-projet clarifie les responsabilités et permet une mise en œuvre plus réaliste.
25506,Une initiative demande l'instauration d'un congé paternité payé de quatre semaines. Êtes-vous en faveur de cette proposition?,"Je suis pour un véritable congé parental. 4 semaines pour les pères, c'est un minimum pour moi.",FAVOR,fr,X-Stance,,An initiative calls for the establishment of a four-week paid paternity leave. Are you in favor of this proposal?,en,Je suis en faveur d'un congé parental réel. Quatre semaines pour les pères est un minimum pour moi.
25518,Êtes-vous favorable à une hausse de l'âge de la retraite (p. ex. à 67 ans)?,"Le patronat étant (très) loin de jouer le jeu pour les candidat.e.s à un emploi avoisinant les 50-55 ans, comment imaginer une perspective de plein emploi pour les candidat.e.s avec 10-15 ans de plus ?",AGAINST,fr,X-Stance,,Are you in favor of an increase in the retirement age (e.g. to 65 years)?,en,"Étant donné que le patronage est (très) loin de jouer le jeu pour les candidats à l'emploi se trouvant à proximité de l'âge de 40 à 45 ans, comment pouvons-nous imaginer une perspective d'emploi plein pour des candidats ayant 25 à 30 ans de plus?"
25519,L'État devrait-il renforcer son soutien financier à la création de structures d'accueil extra-familial?,"Les structures d'accueil, outre le fait de permettre aux femmes de travailler avec des enfants en âge préscolaire, jouent un rôle important dans la socialisation complémentaire de l'enfant, avec les 3 pôles : famille, quartier, garderie/jardin d'enfants",FAVOR,fr,X-Stance,,Should the state strengthen its financial support for the creation of extra-family accommodation structures?,en,"Les structures d'accueil, en plus de permettre aux femmes de travailler avec des enfants en âge préscolaire, jouent un rôle important dans la socialisation complémentaire de l'enfant, avec les 3 pôles : famille, voisinage, garderie/école maternelle"
25520,Une initiative demande l'instauration d'un congé paternité payé de quatre semaines. Êtes-vous en faveur de cette proposition?,"C'est un minimum déjà sous-doté, pour mieux inclure le père - ou le 2e parent - dans une relation rapide avec l'enfant dont il/elle est coparent.",FAVOR,fr,X-Stance,,An initiative calls for the establishment of a four-week paid paternity leave. Are you in favor of this proposal?,en,Cela est déjà insuffisamment financé pour mieux inclure le père - ou le deuxième parent - dans une relation rapide avec l'enfant dont il est coparent.
25521,Soutenez-vous les efforts au niveau des cantons visant à réduire les prestations d'aide sociale?,"Non, car ces tentations de réduction ne sont pas responsables et écartent d'un mode de vie acceptable des personnes en très grande majorité tributaires de cette aide",AGAINST,fr,X-Stance,,Do you support efforts at the cantonal level to reduce social assistance benefits?,en,"Non, car ces tentations réductionnistes ne sont pas responsables et excluent une très grande majorité de personnes qui dépendent de cette aide d'un mode de vie acceptable."
25522,La Confédération devrait-elle encourager davantage la construction de logements d'utilité publique?,"Pour une grande partie de la population salariée, c'est devenu un casse-tête, surtout avec une famille, de trouver un logement adéquat (surface, transports publics, équipement scolaire et parascolaire, terrains de jeu à proximité).",FAVOR,fr,X-Stance,,Should the Confederation encourage more public housing construction?,en,"Pour une grande partie de la population salariée, il est devenu un véritable casse-tête, surtout avec une famille, de trouver un logement adéquat (taille, transports en commun, équipements scolaires et extrascolaires, terrains de jeux à proximité)."
25525,L’État devrait-il davantage s’engager pour une égalité des chances en matière de formation (p. ex. par des cours de rattrapage subventionnés destinés aux élèves issus de familles à faible revenu)?,"Avec la forte demande, depuis 1950 à aujourd'hui, de main d'oeuvre étrangère dans notre pays, souvent mal rétribuée ou précarisée, il faut effectivement faire le pas et trouver des mesures qui facilitent l'accès à la formation pour chaque famille vivant dans notre pays.",FAVOR,fr,X-Stance,,Should the state further commit to equal opportunities in terms of education (e.g. through subsidized catch-up classes for students from low-income families)?,en,"Avec la forte demande de main-d'œuvre étrangère dans notre pays, souvent mal payée ou précaire, il est en effet nécessaire de franchir le pas et de trouver des mesures qui facilitent l'accès à la formation pour chaque famille vivant dans notre nation."
25527,Le concept de l'école intégrative prévoit que les enfants ayant des difficultés d'apprentissage ou des handicaps soient scolarisé·e·s dans des classes ordinaires. Soutenez-vous cette approche?,"Les exemples des pays nordiques sont parlants. Pas de préjudice connu pour les élèves avancés. Et une bien meilleure intégration des élèves - temporairement ou durablement en difficulté - dans la société, la culture et la convivialité.",FAVOR,fr,X-Stance,,The concept of an integrated school provides that children with learning difficulties or disabilities are educated in regular classes. Do you support this approach?,en,"Les exemples des pays nordiques sont parlants. Aucun inconvénient connu pour les étudiants avancés. Et une meilleure intégration des étudiants - temporairement ou de manière permanente - dans la société, la culture et la convivialité."
25528,Seriez-vous favorable à ce que le droit de vote et d'élection soit introduit au niveau communal pour les personnes étrangères qui résident en Suisse depuis au moins dix ans?,"On ne peut dissocier le droit de vote du droit d'être élu. Nombre de personnes étrangères siègent dans les conseils communaux et ne devraient pas être écartées des élections à des postes exécutifs. La liberté d'élection, en leur faveur ou non dépend, des choix du corps électoral souverain.",FAVOR,fr,X-Stance,,Would you be in favor of introducing voting and election rights at the communal level for foreigners who have been living in Switzerland for at least ten years?,en,"Le droit de vote ne peut être dissocié du droit d'être élu. De nombreux étrangers siègent dans les conseils communaux et ne devraient pas être exclus des élections aux postes exécutifs. La liberté d'élection, qu'elle soit en faveur ou contre, dépend des choix du corps électoral souverain."
25529,Les personnes sans-papiers devraient-elles pouvoir obtenir plus facilement un statut de séjour régularisé?,"Oui ! les quelques 100.00 à 200.000 personnes non régularisées qui vivent, travaillent, paient leurs impôts et diverses cotisation devraient, après quelques années, obtenir un titre de séjour. On veut des bras et des personnes qui travaillent dans l'ombre, mais on ne leur donne pas droit de cité, dans une société où ils jouent un rôle indispensable.",FAVOR,fr,X-Stance,,Should undocumented people be able to obtain a regularized residence status more easily?,en,"Oui! Les quelques centaines de milliers à deux cent mille personnes non régularisées qui vivent, travaillent, paient leurs impôts et diverses contributions devraient, après quelques années, obtenir un permis de séjour. Nous voulons des armes et des gens qui travaillent dans l'ombre, mais nous ne leur donnons pas le droit à la citoyenneté, dans une société où ils jouent un rôle indispensable."
25530,Êtes-vous en faveur d'un durcissement supplémentaire du droit à l'asile?,"Non ! La Suisse est en train de perdre son âme (Croix Rouge, protection des plus menacés, conventions de Genève de 1951, Déclaration Universelle des Droits de l'Homme). Les décisions tout simplement inhumaines en provenance du SEM et relayées par les Exécutifs cantonaux, tous partis confondus, font honte à notre prétendue humanité institutionnelle en mode ""Y'en a point comme nous !"".",AGAINST,fr,X-Stance,,Are you in favor of an additional tightening of the asylum law?,en,"Non! La Suisse perd son âme (Croix-Rouge, protection des personnes les plus menacées, Conventions de Genève de 1949, Déclaration universelle des droits de l'homme). Les décisions tout simplement inhumaines prises par le SEM et relayées par les exécutifs cantonaux, toutes les parties réunies, sont une honte pour notre supposée humanité institutionnelle dans le mode « Il n'y a personne comme nous ! »."
25531,Les conditions de naturalisation devraient-elles être revues à la hausse?,"On fait venir des travailleurs qui n'ont souvent pas pu terminer leur  scolarité dans leur pays, on les embauche dans des travaux pénibles et peu payés... et on leur demande de passer un test écrit pour se naturaliser ! Qu'on leur donne des cours gratuits dans leur entreprise et dans l'administration publique qui les emploie si on veut paraître sérieux sur ce thème.",AGAINST,fr,X-Stance,,Should the naturalization conditions be revised upwards?,en,"Nous amenons des travailleurs qui n'ont souvent pas pu terminer leur éducation dans leur pays, nous les embauchons pour des travaux pénibles et peu rémunérés... et nous leur demandons de passer un test écrit pour devenir naturalisés! Si nous voulons paraître sérieux sur ce sujet, donnez-leur des cours gratuits dans votre entreprise et dans l'administration publique qui les emploie."
25532,La Confédération devrait-elle soutenir davantage les étrangères et étrangers dans leur intégration?,"Dans les pays du Nord de l'Europe, au Canada aussi, des cours de langue et d'intégration sont obligatoirement organisés, sur les heures de travail, afin de faciliter la communication et la bonne entente des récents arrivé.e.s avec les autochtones, suisses ou étrange/è.r.e.s établi.e.s. Voilà une gouvernance intelligente !",FAVOR,fr,X-Stance,,Should the Confederation support more foreigners and foreigners in their integration?,en,"Dans les pays d'Europe du Nord, ainsi qu'au Canada, les cours de langue et d'intégration sont obligatoires, pendant les heures de travail, afin de faciliter la communication et la bonne compréhension des arrivées récentes avec la population indigène, suisse ou étrange/autre établie. C'est une bonne gouvernance!"
25533,La consommation de cannabis devrait-elle être légalisée?,"Avec la création d'un ""Observatoire"" des pratiques de consommation pour faciliter les pratiques d'usage modéré de cette substance. Sans déviance répressive ni punitive.",FAVOR,fr,X-Stance,,Should cannabis consumption be legalized?,en,"Avec la création d'un ""Observatoire"" des pratiques de consommation pour faciliter une utilisation modérée de cette substance. Sans déviation répressive ou punitive."
25535,Seriez-vous favorable à ce qu'un médecin soit autorisé à administrer l'euthanasie active directe en Suisse?,"Une structure plus complète, avec la participation de proches, est préférable, mais le rôle d'un médecin reste central.",AGAINST,fr,X-Stance,,Would you be in favor of a doctor being allowed to administer direct active euthanasia in Switzerland?,en,"Une structure plus complète, avec la participation des parents, est préférable, mais le rôle du médecin reste central."
25536,"Selon vous, la baisse des impôts au niveau fédéral représente-elle une priorité pour les quatre prochaines années?","Les bénéfices de la Banque Nationale et des administrations cantonales en majorité positifs et sous-évalués, ainsi que la lutte contre l'évasion fiscale, suffiraient largement à financer le ménage commun et des projets ambitieux et nécessaires qui piaffent d'impatience au portillon.",AGAINST,fr,X-Stance,,"According to you, reducing federal taxes is a priority for the next four years?",en,"Les avantages de la Banque nationale et des administrations cantonales, qui sont pour la plupart positifs et sous-évalués, ainsi que la lutte contre l'évasion fiscale, seraient suffisants pour financer la maison commune et les projets ambitieux et nécessaires qui attendent impatiemment à la porte."
25537,Êtes-vous favorable à l'introduction d'un salaire minimum de 4’000 CHF pour toutes les personnes salariées pour un poste à plein temps?,"Oui, car les nouveaux travailleurs pauvres travaillent à plein temps et ne parviennent pas à nouer les deux bouts à la fin du mois, du fait d'employeurs eux-mêmes sous pression ou peu délicats dans la rétribution pratiquée.",FAVOR,fr,X-Stance,,"Are you in favor of the introduction of a minimum wage of CHF 4,500 for all full-time salaried employees?",en,"Oui, car les nouveaux travailleurs pauvres travaillent à temps plein et n'arrivent pas à joindre les deux bouts à la fin du mois, en raison de la pression exercée par les employeurs eux-mêmes ou de leurs pratiques de rémunération peu considérantes."
