id,target,comment,label,language,source
17883,L'introduction du vote électronique lors des votations et des élections (E-Voting) devrait-elle être poursuivie?,Si les banques sont relativement sûre pourquoi pas un système de vote. C'est une question de volonté.,FAVOR,fr,X-Stance
18099,Une initiative souhaite donner à la Confédération plus de compétences pour prendre des mesures permettant la diminution des coûts de la santé (introduction d'un frein aux coûts). Êtes-vous en faveur de cette proposition?,"Pour autant que cela ne se fasse pas au détriment de la qualité de prestation de soin, ni aux détriments des patients.",FAVOR,fr,X-Stance
18339,Les personnes assurées devraient-elles contribuer davantage aux coûts de la santé (p. ex. en augmentant la franchise minimale)?,Le parlement vient de refuser une augmentation de la franchise minimale puisqu'elle pose déjà des problèmes à un certain nombre de ménages. Mais l'effet de seuil (surconsommation dès que la franchise est atteinte) du système actuel est insatisfaisant.,AGAINST,fr,X-Stance
18340,Approuveriez-vous le principe du consentement présumé pour le don d’organes?,"C'est une prouesse de savoir-faire et de technologie médicale et il est utile d'informer le public sur la possibilité de don, mais la dignité humaine (et donc le libre choix de chacun d'y consentir ou non) doit être placée plus haut dans l'échelle des valeurs.",AGAINST,fr,X-Stance
18632,Une initiative demande que les subsides aux assurances maladie soient conçus de manière à ce que personne n'ait à consacrer plus de dix pour cent de son revenu disponible au paiement des primes. Soutenez-vous cette proposition?,"L'idée est intéressante, mais le but n'est pas forcément atteint au mieux avec cette proposition.",FAVOR,fr,X-Stance
20228,Une initiative demande que les subsides aux assurances maladie soient conçus de manière à ce que personne n'ait à consacrer plus de dix pour cent de son revenu disponible au paiement des primes. Soutenez-vous cette proposition?,"Je préfère travailler sur les coûts avec des mesures concrêtes, soit au mode de financement de soins (ambulatoire et hospitalier), soit les deux. L’instauration d’indicateurs de performances capable de viser l’efficience est nécessaire au même titre qu’une transparence des coûts au niveau suisse.",AGAINST,fr,X-Stance
23209,"Êtes-vous favorable à l'introduction de péages routiers (""Road pricing"") pour le transport individuel motorisé sur les routes très fréquentées?",Je suis pour une vignette différente pour les suisse et les étrangers qui utilisent nos routes au rabais.,AGAINST,fr,X-Stance
23683,Les personnes assurées devraient-elles contribuer davantage aux coûts de la santé (p. ex. en augmentant la franchise minimale)?,"cela ne sert à rien car ne fait pas baisser les coûts de la santé mais les déplace. Il faut baisser les coûts par exemple en diminuant le catalogue de base ou bien en limitant l'utilisation des moyens technologiques ou encore en limitant l'accès directe aux spécialistes.
Concernant les caisses, il me semble que la création d'une caisse maladie fédérale pour les maladies incurables et les maladies orphelines serait une bonne chose.",AGAINST,fr,X-Stance
23954,Êtes-vous favorable à l'acquisition de nouveaux avions de combat pour l'armée suisse?,"Franchement, avons nous besoin d'avions de combat ?",AGAINST,fr,X-Stance
24122,"Selon vous, les moyens légaux permettant de recourir à l’analyse ADN lors d’enquêtes devraient-ils être étendus?","Cela ouvre la porte à toutes sortes de dérive, comme celle de considérer des militants climat faisant grève comme des terroristes. Non aux lois liberticides.",AGAINST,fr,X-Stance
24352,"Actuellement, une taxe CO2 est prélevée sur les combustibles fossiles (p. ex. mazout ou gaz naturel). Cette taxe devrait-elle également être étendue aux carburants (p. ex. essence, diesel, etc.)?","Même si actuellement, la voiture reste indispensable dans certaines vallées latérales, il est nécessaire de trouver des alternatives aux carburants fossiles. Des mesures favorisant des formes de mobilité propres doivent être introduites. De façon générale, il est indispensable de repenser la mobilité.",FAVOR,fr,X-Stance
24489,L'introduction du vote électronique lors des votations et des élections (E-Voting) devrait-elle être poursuivie?,"Il est essentiel de chercher des meilleurs moyens pour garantir la participation aux votations, notamment pour les jeunes, les personnes à mobilité réduite ou depuis l'étranger. Toutefois, le système utilisé doit être fiable à 100%, ce qui n'est pas le cas aujourd'hui, et nous ne pouvons pas prendre de risque avec cela.",AGAINST,fr,X-Stance
25054,La Confédération devrait-elle soutenir davantage les énergies renouvelables?,"Il est important de promouvoir toutes les avancées technologiques par l'encouragement à la recherche au sein de nos HES-EPF-Startups d'une part, et d'autre part élargir le développement de la voie diplotique de la science pour garantir des solutions globales aux énergies renouvelables.",FAVOR,fr,X-Stance
25093,La Confédération devrait-elle soutenir davantage les énergies renouvelables?,En particulier les énergies renouvelables indigènes.,FAVOR,fr,X-Stance
25395,La Confédération devrait-elle accroître son soutien financier à la formation continue et à la reconversion professionnelle?,Il est nécessaire de donner à nos citoyen-ne-s les moyens de rester compétitifs dans notre société en perpétuelle évolution.,FAVOR,fr,X-Stance
25488,La Confédération devrait-elle accroître son soutien financier à la formation continue et à la reconversion professionnelle?,Il est déjà possible de déduire ces diverses formations des impôts.,AGAINST,fr,X-Stance
25522,La Confédération devrait-elle encourager davantage la construction de logements d'utilité publique?,"Pour une grande partie de la population salariée, c'est devenu un casse-tête, surtout avec une famille, de trouver un logement adéquat (surface, transports publics, équipement scolaire et parascolaire, terrains de jeu à proximité).",FAVOR,fr,X-Stance
25526,La Confédération devrait-elle accroître son soutien financier à la formation continue et à la reconversion professionnelle?,"Oui. Le drame vécu par les imprimeurs typos, poussés brusquement à passer de la typographie à l'offset et autres techniques informatisées, a révélé une grande irresponsabilité de l'État et des magnats de la branche reconvertie.",FAVOR,fr,X-Stance
26048,La Confédération devrait-elle soutenir davantage les énergies renouvelables?,La politique de l'arrosoir n'est pas efficace. La Confédération doit soutenir les énergies renouvelables mais il faut trouver les meilleurs moyens pour accélérer la production d'énergies renouvelables,FAVOR,fr,X-Stance
26285,Êtes-vous favorable à l'introduction d'un salaire minimum de 4’000 CHF pour toutes les personnes salariées pour un poste à plein temps?,Des mesures alternatives comme l'accès aux formations ou l'évolution professionnelle doivent également être garanties en cas d'instauration du salaire minimum.,FAVOR,fr,X-Stance
26403,Êtes-vous en faveur d'un contrôle plus strict de l'égalité des salaires entre hommes et femmes?,"Tant que l'écart salarial inexpliqué entre hommes et femmes n'est pas supprimé, des mesures concrètes doivent être prises.",FAVOR,fr,X-Stance
26658,"Une vaccination obligatoire des enfants, basée sur le plan de vaccination suisse, devrait-elle être instaurée?",Si la vaccination obligatoire permet de prévenir des pandémies c'est une bonne option. Toutefois attention à ne pas définir des vaccins obligatoires pour enrichir les industries pharmaceutiques. Les vaccins obligatoires doivent répondre à un besoin de santé publique.,FAVOR,fr,X-Stance
27515,"Une vaccination obligatoire des enfants, basée sur le plan de vaccination suisse, devrait-elle être instaurée?","Les théories anti-vaccins sont aussi irrationnelles que dangereuses, et ont directement pour effet de faire réapparaître des maladies que l'on avait pensé éradiquées. Mais l'obligation ne doit clairement porter que sur les vaccins dont la nécessité est reconnue (hors de question, par exemple, de rendre obligatoire le vaccin contre la grippe)",FAVOR,fr,X-Stance
28155,Une initiative demande que les règles de responsabilité des entreprises suisses en matière de respect des droits humains et des normes environnementales à l'étranger soient renforcées. Soutenez-vous cette proposition?,Cependant leur application ne doit pas ressembler à aucune forme «d'ingérence » de la part de la Suisse dans les pays concernés,FAVOR,fr,X-Stance
28767,Une initiative demande que les subsides aux assurances maladie soient conçus de manière à ce que personne n'ait à consacrer plus de dix pour cent de son revenu disponible au paiement des primes. Soutenez-vous cette proposition?,C'est essentiel. Le système des subsides ne fonctionne plus à force de vouloir faire des économies.,FAVOR,fr,X-Stance
29086,Une initiative demande que les règles de responsabilité des entreprises suisses en matière de respect des droits humains et des normes environnementales à l'étranger soient renforcées. Soutenez-vous cette proposition?,"La Suisse et ses habitants ont une responsabilité qui doit aller au-delà de ses frontières. Nos actions ici ont des conséquences sur la vie d'hommes et de femmes ailleurs. Nous vivons dans une monde globailisé, qu'on le veuille ou non, et nos actions doivent être réfléchies en conséquences.",FAVOR,fr,X-Stance
29100,L'introduction du vote électronique lors des votations et des élections (E-Voting) devrait-elle être poursuivie?,"Je suis pour le principe. Je pense qu'il s'agit d'une méthode d'avenir. Toutefois, la Suisse n'a pas suffisamment mis de moyens pour l'instant pour que cela soit protégé.",AGAINST,fr,X-Stance
30495,Une initiative souhaite donner à la Confédération plus de compétences pour prendre des mesures permettant la diminution des coûts de la santé (introduction d'un frein aux coûts). Êtes-vous en faveur de cette proposition?,"Pour les spécialistes de la santé du groupe parlementaire des VERTS, la mise en oeuvre de cette initiative est peu claire. Par ex.: le plafonnement des dépenses se fera-t-il au détriment de la qualité et de la sécurité des soins?",AGAINST,fr,X-Stance
32503,"Une vaccination obligatoire des enfants, basée sur le plan de vaccination suisse, devrait-elle être instaurée?","La production des vaccins actuels se fait de plus en plus fréquemment par l'adjonction de produits toxiques comme l'aluminium, par ailleurs totalement inutile. En fait, derrière les vaccins se cachent des enjeux commerciaux énormes, au point de pouvoir manipuler les choix publics en matière de santé. Il est prioritaire d'amener plus de transparence dans les processus décisionnels.",AGAINST,fr,X-Stance
33372,Les personnes assurées devraient-elles contribuer davantage aux coûts de la santé (p. ex. en augmentant la franchise minimale)?,L'accès aux soins est déjà problématique pour près d'un quart de la population. Augmenter les franchises accroitrait  cette injustice et contribuerait de surcroît à imputer une plus grande responsabilité aux assurés.,AGAINST,fr,X-Stance
34248,Une initiative souhaite donner à la Confédération plus de compétences pour prendre des mesures permettant la diminution des coûts de la santé (introduction d'un frein aux coûts). Êtes-vous en faveur de cette proposition?,"Les 3 milliards de bénéfice réalisés annuellement par la Confédération ne doivent plus servir à rembourser la dette, mais doivent être redistribués sous forme de prestations.",FAVOR,fr,X-Stance
35951,La Confédération devrait-elle accroître son soutien financier à la formation continue et à la reconversion professionnelle?,C'est d'ailleurs la mesure la plus efficace si l'on veut réduire les coûts de l'aide social (voir question antérieure),FAVOR,fr,X-Stance
36253,Êtes-vous en faveur d'un contrôle plus strict de l'égalité des salaires entre hommes et femmes?,"La discrimination positive n’est pas la solution aux inégalités, elle l’accentue",AGAINST,fr,X-Stance
36400,La consommation de cannabis devrait-elle être légalisée?,"Les politiques répressives en vigueurs depuis plusieurs décennies n'ont pas permis de contenir le phénomène du deal de rue. Une nouvelle approche sur cette problématique doit être sérieusement envisagée. En outre, la manne financière potentielle permettrait de pallier en partie au problème de financement de notre système de retraites.",FAVOR,fr,X-Stance
36467,L'introduction du vote électronique lors des votations et des élections (E-Voting) devrait-elle être poursuivie?,"Sur le principe, je suis favorable au vote électronique et à la simplification de la participation démocratique. Cependant, l'introduction définitive du vote électronique n'est possible que si celui-ci est suffisamment sécurisé et réalisé avec un système uniquement gouvernemental. A cet égard, la suspension du modèle développé par La Poste en partenariat avec l'opérateur espagnol Scytl est une bonne chose.",AGAINST,fr,X-Stance
36590,"Êtes-vous favorable à l'introduction de péages routiers (""Road pricing"") pour le transport individuel motorisé sur les routes très fréquentées?","Oui, comme expliqué plus haut, si accompagné d'un fort développement de l'accès à une mobilité douce et collective.",FAVOR,fr,X-Stance
36646,Une initiative souhaite donner à la Confédération plus de compétences pour prendre des mesures permettant la diminution des coûts de la santé (introduction d'un frein aux coûts). Êtes-vous en faveur de cette proposition?,Cette idée est bonne. Mais je veux connaître les mesures que la Confédération pourrait prendre avant de la soutenir.,AGAINST,fr,X-Stance
37133,La Confédération devrait-elle accroître son soutien financier à la formation continue et à la reconversion professionnelle?,"Elle doit être mieux ciblée et encouragée sur le plan fiscal, pour permettre à chacun de se former tout au long de sa vie.

De manière générale, l’offre s’est renforcée ces dernières années.",AGAINST,fr,X-Stance
37233,Les personnes assurées devraient-elles contribuer davantage aux coûts de la santé (p. ex. en augmentant la franchise minimale)?,Il est grand temps d’innover les nouvelles stratégies managériales dans la gestion financière des coût de la santé. Le lobbying fait du mal à notre système.,AGAINST,fr,X-Stance
37282,Êtes-vous en faveur d'un contrôle plus strict de l'égalité des salaires entre hommes et femmes?,Un salaire égal pour un travail équivalent est une idéale,FAVOR,fr,X-Stance
37582,Les conditions de naturalisation devraient-elles être revues à la hausse?,"Il faut surtout que la naturalisation redevienne un acte politique, et non plus administratif.",FAVOR,fr,X-Stance
39719,"Selon vous, les moyens légaux permettant de recourir à l’analyse ADN lors d’enquêtes devraient-ils être étendus?","Dans des règles claires, y compris toute destruction des échantillons après analyse, OUI",FAVOR,fr,X-Stance
39774,Faut-il interdire l'exportation de matériel de guerre produit en Suisse?,Il faut cependant interdire l'exportation vers les pays en guerre et ceux qui violent systématiquement les droits de l'homme.,AGAINST,fr,X-Stance
40216,Êtes-vous favorable à l'acquisition de nouveaux avions de combat pour l'armée suisse?,"Plus que la simple acquisition de nouveaux avions de combat, il s'agit d'un véritable acte de souveraineté et implique un partenariat stratégique avec le pays fournisseur.",FAVOR,fr,X-Stance
40493,Êtes-vous favorable à une hausse de l'âge de la retraite (p. ex. à 67 ans)?,"Au contraire, je suis favorable à une diminution de l'âge de la retraite à 60 ans pour toutes et tous.",AGAINST,fr,X-Stance
40495,Les rentes de la caisse de pension doivent-elles être adaptées à l'allongement de l'espérance de vie (réduction du taux de conversion)?,Il faut fusionner l'AVS et le deuxième pilier et ainsi garantir une rente minimale de 4000 francs à chacun·e.,AGAINST,fr,X-Stance
40509,La Confédération devrait-elle soutenir davantage les énergies renouvelables?,Notamment la production d'énergies renouvelables décentralisées et gérée par des collectivités locales.,FAVOR,fr,X-Stance
40959,Une initiative demande que la Suisse cesse d'utiliser les énergies fossiles à partir de 2050. Soutenez-vous cette proposition?,L'une des propositions les plus importantes en discussion actuellement!!!,FAVOR,fr,X-Stance
40962,"Êtes-vous favorable à l'introduction de péages routiers (""Road pricing"") pour le transport individuel motorisé sur les routes très fréquentées?","Pour favoriser l'usage de moyens de transport moins polluants (vélo, co-voiturage, transports publics, etc.)",FAVOR,fr,X-Stance
41194,La Confédération devrait-elle soutenir davantage les étrangères et étrangers dans leur intégration?,Il faut aider tous ceux qui veulent s'intégrer pour la paix de chacun.,FAVOR,fr,X-Stance
41229,"Selon vous, les moyens légaux permettant de recourir à l’analyse ADN lors d’enquêtes devraient-ils être étendus?",C'est une manière d'éviter des erreurs et donc de trouver les réels coupables.,FAVOR,fr,X-Stance
41300,L'État devrait-il renforcer son soutien financier à la création de structures d'accueil extra-familial?,"Les familles qui gardent eux-mêmes leurs enfants doivent être récompensées par des déductions fiscales et ce modèle doit être privilégié, mais on doit aussi aider celles qui n'ont guère d'autres choix que les accueils extra-familiaux.",FAVOR,fr,X-Stance
41304,La Confédération devrait-elle accroître son soutien financier à la formation continue et à la reconversion professionnelle?,Ces formations sont d'une grande utilité pour les travailleurs approchant l'âge de la retraite afin d'être concurrentiel sur le marché du travail,FAVOR,fr,X-Stance
41405,Êtes-vous en faveur de l'abaissement de l'âge de vote à 16 ans?,Les grèves du climat ont montré que les jeunes ont besoin de s'exprimer sur l'avenir qui sera majoritairement le leur!,FAVOR,fr,X-Stance
41568,Les personnes assurées devraient-elles contribuer davantage aux coûts de la santé (p. ex. en augmentant la franchise minimale)?,"Le poids du lobby des assureurs est trop important dans la politique de santé. On en veut pour preuve l’interdiction réclamée par les caisses maladie du modèle fribourgeois de prescription des médicaments dans les EMS, modèle pourtant efficace, avec pour conséquence des millions supplémentaires à la charge du contribuable fribourgeois. Il y a donc des possibilités d'optimiser les  dépenses de la santé sans faire supporter davantage de coûts aux assurés.",AGAINST,fr,X-Stance
41604,Une initiative souhaite donner à la Confédération plus de compétences pour prendre des mesures permettant la diminution des coûts de la santé (introduction d'un frein aux coûts). Êtes-vous en faveur de cette proposition?,"Si il s’agit notamment de diminuer le coût des médicaments, y compris les génériques, souvent trois fois plus chers que dans les pays limitrophes, il n’y a aucune hésitation à avoir. Il y a aussi la valorisation du rôle du médecin de famille qui peut procéder à une première évaluation de l’état du patient. Pour diminuer les couts de la santé c’est tout une batterie de mesures qu’il faut déployer et pas toujours au détriment des médecins, ni de la qualité des soins.",FAVOR,fr,X-Stance
41695,Les personnes assurées devraient-elles contribuer davantage aux coûts de la santé (p. ex. en augmentant la franchise minimale)?,"C'est avec un système d'assurance maladie financé sur le modèle de l'AVS avec des primes
proportionnelles au revenu qu'on peut faire face aux coûts de la santé dans des conditions qui ne
représentent pas une charge financière écrasante pour certain·e·s.",AGAINST,fr,X-Stance
41726,Le financement des partis ainsi que celui des campagnes pour les élections et les votations devrait-il être transparent?,Il s'agit de démocratie basique. Il faudrait aussi plafonner les montants maximum pour les campagnes afin de ne pas défavoriser des partis avec peu de ressources.,FAVOR,fr,X-Stance
42096,Les personnes assurées devraient-elles contribuer davantage aux coûts de la santé (p. ex. en augmentant la franchise minimale)?,on doit travailler à augmenter l'efficience des soins et non à dissuader d'être soigné.,AGAINST,fr,X-Stance
42100,Une initiative souhaite donner à la Confédération plus de compétences pour prendre des mesures permettant la diminution des coûts de la santé (introduction d'un frein aux coûts). Êtes-vous en faveur de cette proposition?,"Actuellement de nombreux actes sont réalisés à double : il y a des pistes d'économies dans ce domaine. 
En revanche, la qualité et la sécurité des soins ne doivent pas être remis en cause.",AGAINST,fr,X-Stance
42640,Êtes-vous en faveur de l'abaissement de l'âge de vote à 16 ans?,"Ce n'est pas une priorité mais on peut en parler, si la demande provient d'une majorité de jeunes",FAVOR,fr,X-Stance
43448,Une initiative demande que les subsides aux assurances maladie soient conçus de manière à ce que personne n'ait à consacrer plus de dix pour cent de son revenu disponible au paiement des primes. Soutenez-vous cette proposition?,"Oui, mais la politique de subside n'est qu'une fausse solution à l'augmentation des primes.

L'Etat ne devrait pas sponsoriser une activité privée avec des fonds publics quand celle-ci est largement bénéficiaire chaque année et ne se remet que très peu en question.",FAVOR,fr,X-Stance
43494,"Selon vous, les moyens légaux permettant de recourir à l’analyse ADN lors d’enquêtes devraient-ils être étendus?",Il faut donner à notre police et à notre justice la possibilité d'être percutantes pour lutter contre la criminalité.,FAVOR,fr,X-Stance
43767,Les personnes assurées devraient-elles contribuer davantage aux coûts de la santé (p. ex. en augmentant la franchise minimale)?,Il y déjà suffisamment de gens qui ne peuvent pas payer. Ce n'est pas la solution,AGAINST,fr,X-Stance
44397,Soutenez-vous les efforts au niveau des cantons visant à réduire les prestations d'aide sociale?,"À nouveau, il est inutile et contre productif pour l'économie de couper l'aide aux plus faibles. Si leur minimum vital n'est pas assuré, il devient extrêmement difficile de les réintégrer sur le marché du travail.",AGAINST,fr,X-Stance
45071,"Selon vous, les moyens légaux permettant de recourir à l’analyse ADN lors d’enquêtes devraient-ils être étendus?","C'est un outil puissant et efficace, pourquoi s'en priver ?",FAVOR,fr,X-Stance
45147,Les personnes assurées devraient-elles contribuer davantage aux coûts de la santé (p. ex. en augmentant la franchise minimale)?,"Les coûts de la santé ne doivent pas augmenter. Une solution pour diminuer ces coûts serait d'empêcher certains patients d'aller toutes les deux semaines chez le médecin. 
Un médecin n'est pas un psychologue et ne devrait être consulté qu'en cas de réel problème.",AGAINST,fr,X-Stance
45731,La Confédération devrait-elle soutenir davantage les énergies renouvelables?,"Actuellement, la Suisse a presque atteint le maximum de son efficacité en matière d'énergies renouvelables, il n'est donc plus nécessaire de centrer nos efforts sur ce domaine-là, il s'agit en fait d'une fausse bonne idée. Ce qu'il faudrait, c'est se tourner vers d'autres aspects plus urgents concernant la transition énergétique, comme l'isolation des bâtiments ou la revalorisation de la chaleur fatale.",AGAINST,fr,X-Stance
45735,Le moratoire actuel sur les plantes et les animaux génétiquement modifiés devrait-il être prolongé au-delà de 2021?,"Les OGM en tant que tels ne sont pas dangereux pour la santé, il faut par contre pouvoir en contrôler l'utilisation.",AGAINST,fr,X-Stance
45793,Les personnes sans-papiers devraient-elles pouvoir obtenir plus facilement un statut de séjour régularisé?,"Il n'est pas souhaitable de créer une injustice entre les migrants qui ont déposé une demande légale et qui a été refusée contre ceux venus illégalement, mais qui se serait fait régulariser. Cependant, il serait sage de prendre cette problématique au cas par cas. En effet, ceux venus illégalement, mais que nous n'avons pas été capable d'expulser alors qu'ils travaillent depuis des années, se verrait moins exploité et donc contribuerai plus fiscalement tout en limitant le travail au noir.",FAVOR,fr,X-Stance
46049,Approuveriez-vous le principe du consentement présumé pour le don d’organes?,"On présume que chacun est d'accord de recevoir, pourquoi pas de donner.",FAVOR,fr,X-Stance
46062,Approuveriez-vous le principe du consentement présumé pour le don d’organes?,Le corps d'un défunt n'est pas présumé appartenir à l'Etat. Le consentement éclairé doit être explicite à chaque fois qu'il s'agit de matériel humain.,AGAINST,fr,X-Stance
46497,"Selon vous, les moyens légaux permettant de recourir à l’analyse ADN lors d’enquêtes devraient-ils être étendus?",Ces deux institutions - justice et police -  avant d'obtenir des moyens supplémentaires d'analyses doivent réformer leurs fonctionnements.,AGAINST,fr,X-Stance
46572,Une initiative demande que les subsides aux assurances maladie soient conçus de manière à ce que personne n'ait à consacrer plus de dix pour cent de son revenu disponible au paiement des primes. Soutenez-vous cette proposition?,Un tel système conduit à la déresponsabilitation des patients face aux coûts de la santé.,AGAINST,fr,X-Stance
47147,"Une vaccination obligatoire des enfants, basée sur le plan de vaccination suisse, devrait-elle être instaurée?","Cela fait partie de la responsabilité individuelle. Le service doit être proposé gratuitement puisqu'il découle de la santé publique, mais en aucun cas être rendu obligatoire. Cela permettrait aussi des économies à l'Etat.",AGAINST,fr,X-Stance
47148,Une initiative demande que les subsides aux assurances maladie soient conçus de manière à ce que personne n'ait à consacrer plus de dix pour cent de son revenu disponible au paiement des primes. Soutenez-vous cette proposition?,"Dans la mesure où cela vise à l'uniformisation et à l'égalité de traitement, effectivement, cette initiative est positive. Cependant, il serait préférable de réformer l'entièreté du sytème des assurances privées vers un dispositif de santé inconditionnel et universel.",FAVOR,fr,X-Stance
47675,La Confédération devrait-elle accroître son soutien financier à la formation continue et à la reconversion professionnelle?,"Les travailleurs d'un certain âge doivent avoir la possibilité de se reconvertir professionnellement! On pense à la numérisation, à la disparition de certains métiers.",FAVOR,fr,X-Stance
47981,Les personnes assurées devraient-elles contribuer davantage aux coûts de la santé (p. ex. en augmentant la franchise minimale)?,"Oui à l'augmentation de la franchise minimale, mais non à une augmentation de la participation aux coûts médicaux personnels",FAVOR,fr,X-Stance
48372,Pensez-vous qu'il soit juste que les écoles octroient des dispenses scolaires en raison de motifs religieux pour certaines matières ou événements (p. ex. le sport ou l'éducation sexuelle)?,"Prévoir des aménagements, plutôt que dispenses, respectant la liberté de religion de chacun",FAVOR,fr,X-Stance
48386,Le financement des partis ainsi que celui des campagnes pour les élections et les votations devrait-il être transparent?,Aussi pour tous les acteurs et associations politiques avec une transparence sur les revenus et la fortune.,FAVOR,fr,X-Stance
48532,Une initiative demande que les subsides aux assurances maladie soient conçus de manière à ce que personne n'ait à consacrer plus de dix pour cent de son revenu disponible au paiement des primes. Soutenez-vous cette proposition?,"Face aux sommes indécentes payées aux patrons des assurances maladie et face aux coûts inutiles du marketing, de la publicité et du démarchage, il n'est pas normal que des personnes aient à payer plus que 10% de leur revenu pour leur santé.",FAVOR,fr,X-Stance
48543,Les ménages privés devraient-ils pouvoir choisir librement leur fournisseur d'électricité (libéralisation complète du marché de l'électricité)?,"La libéralisation compète du marché mettrait en danger la production locale d'électricité, elle est donc à éviter.",AGAINST,fr,X-Stance
49128,Les personnes assurées devraient-elles contribuer davantage aux coûts de la santé (p. ex. en augmentant la franchise minimale)?,C'est le système et l'incapacité des milieux à travailler ensemble qui coûte trop cher pas les assurés.,AGAINST,fr,X-Stance
49482,Les ménages privés devraient-ils pouvoir choisir librement leur fournisseur d'électricité (libéralisation complète du marché de l'électricité)?,"Dans les faits, cette liberté est un leurre pour la majorité de la population. La libéralisation ne profite d'abord qu'aux grandes entreprises et aux gros consommateurs, ce qui est une aberration écologique",AGAINST,fr,X-Stance
49483,Êtes-vous favorable à l'introduction d'un salaire minimum de 4’000 CHF pour toutes les personnes salariées pour un poste à plein temps?,Ce niveau de salaire est aujourd'hui insuffisant dans beaucoup de régions. Le montant devrait être porté à 4500 CHF.,FAVOR,fr,X-Stance
49489,Les tronçons autoroutiers à forte fréquentation devraient-ils être étendus à six voies?,Le trafic individuel devrait réduit par un développement des transports collectifs et publics. Les autoroutes ont toujours créé du trafic.,AGAINST,fr,X-Stance
49771,"Une vaccination obligatoire des enfants, basée sur le plan de vaccination suisse, devrait-elle être instaurée?",La vaccination doit être accompagnée des informations concernant les risques et les conséquences des maladies,AGAINST,fr,X-Stance
51171,Une initiative souhaite donner à la Confédération plus de compétences pour prendre des mesures permettant la diminution des coûts de la santé (introduction d'un frein aux coûts). Êtes-vous en faveur de cette proposition?,"La santé ne coutera pas moins cher, au contraire. Les cantons et la Confédération doivent consentir à un invesstissement, en particulier dans les domaines de la prévention, actuellement à la seule charge de l'initiative privée et dans les soins ambulatoires, actuellement entièrement pris en charge par les primes.",FAVOR,fr,X-Stance
52197,Le moratoire actuel sur les plantes et les animaux génétiquement modifiés devrait-il être prolongé au-delà de 2021?,Les expertises sur les OGM n'ont été réalisées pour l'essentiel que par les entreprises qui les fabriquent. Juges et parties. C'est un non sens total.,FAVOR,fr,X-Stance
53181,Les personnes assurées devraient-elles contribuer davantage aux coûts de la santé (p. ex. en augmentant la franchise minimale)?,Il faut une caisse publique et le remboursement des soins dentaires.,AGAINST,fr,X-Stance
54379,L'introduction du vote électronique lors des votations et des élections (E-Voting) devrait-elle être poursuivie?,Pas tant qu'il n'existe pas de solution 100% sûre. Une perte de confiance serait trop préjudiciable.,AGAINST,fr,X-Stance
54576,Êtes-vous en faveur de l'abaissement de l'âge de vote à 16 ans?,une mesure qui favorisera certainement l'intérêt des jeunes et leur implication.,FAVOR,fr,X-Stance
56072,"Êtes-vous favorable à l'introduction de péages routiers (""Road pricing"") pour le transport individuel motorisé sur les routes très fréquentées?",Dans la mesure où on développe en même temps les transports publics,FAVOR,fr,X-Stance
56720,La Confédération devrait-elle accroître son soutien financier à la formation continue et à la reconversion professionnelle?,Il est important de soutenir les personnes qui souhaitent améliorer leur formation ou à se reconvertir mais cela devrait plutôt passer par des déductions fiscales cantonales que par des aides pécuniaires de la part de la Confédération.,AGAINST,fr,X-Stance
71069,Les permis de séjour des migrants et migrantes non ressortissants des Etats membres de l’UE/AELE devraient-ils être obligatoirement liés au respect de la Convention d’intégration?,"Dans notre canton, il y a un tissu économique basé sur des ressortissants non UE/AELE, qui travaille notamment dans des multinationales, la banque et les organisations internationales et dont il faut tenir compte pour une telle politique.",AGAINST,fr,X-Stance
71076,"Les traitements médicaux par méthodes complémentaires (alternative) doivent-ils continuer à être pris en charge, après 2017, par l’assurance maladie obligatoire (LAMal)?",Plutôt oui sous réserve qu'ils respectent le principe de l'assurance maladie obligatoire: coûts - efficacité - adéquation,FAVOR,fr,X-Stance
71270,"Seriez-vous favorable à la mise en place d’un service citoyen général obligatoire (service militaire, service civil prolongé ou engagement milicien dans la commune) pour les hommes et les femmes?",Le service militaire ou civile devrait être volontaire.,AGAINST,fr,X-Stance
71357,"À votre avis, l’application rigoureuse de l’initiative sur l’immigration de masse doit-elle avoir la priorité sur le maintien des accords bilatéraux conclus avec l’UE?",Si cela est juridiquement compatible avec la mise en oeuvre de l'initiative.,FAVOR,fr,X-Stance
71798,"Seriez-vous favorable à la mise en place d’un service citoyen général obligatoire (service militaire, service civil prolongé ou engagement milicien dans la commune) pour les hommes et les femmes?",L'engagement au service de la communauté ne se fait pas par décret et sous contrainte.,AGAINST,fr,X-Stance
71924,Êtes-vous favorable à l’adaptation des directives de l’aide sociale qui prévoit une réduction des prestations pour les familles nombreuses et les jeunes adultes?,"La question est peu claire: je suis favorable à ce que les prestations sociales soient identiques pour chacun, sans réduction en cas de famille nombreuse, sans réduction pour les jeunes adultes.",AGAINST,fr,X-Stance
72598,"Les traitements médicaux par méthodes complémentaires (alternative) doivent-ils continuer à être pris en charge, après 2017, par l’assurance maladie obligatoire (LAMal)?","Les médecines complémentaires/alternatives  sont essentielles pour un système de santé efficace, pour de la prévention et des traitements moins lourds, provoquant moins d'effets secondaires.",FAVOR,fr,X-Stance
72674,Est-il nécessaire de fermer davantage d’hôpitaux en Suisse pour réduire les coûts de la santé?,La diminution des couts de la santé doit venir d'une diminution des prestations données par l'assurance maladie obligatoire. Pas par une réduction de qualité du personnel/matériel médical.,AGAINST,fr,X-Stance
72685,Est-il nécessaire de fermer davantage d’hôpitaux en Suisse pour réduire les coûts de la santé?,"Des critères d'exigences pour garantir la capacité des hôpitaux à remplir les missions qui leur sont confiées ont été établis par la Conférence des directeurs cantonaux de la santé. Ils stratifient le type de soins que peut assumer tel ou tel hôpital. Cette réflexion doit englober les missions alternatives que peuvent remplir les hôpitaux ne les respectant pas, pour qu'ils restent des lieux utiles aux patients et puissent former la relève des soignants.",AGAINST,fr,X-Stance
74205,Seriez-vous favorable à une augmentation de la franchise minimale de l’assurance maladie obligatoire (LAMal) de 300 à 500 CHF?,"Une augmentation de la franchise contribuera à responsabiliser davantage la population quant à sa consommation de prestations médicales.
Il n'est plus possible de déplorer l'augmentation des coûts de la santé tout en refusant d'agir sur les causes de cette augmentation.",FAVOR,fr,X-Stance
74331,Le financement des partis ainsi que celui des campagnes pour les élections et les votations devrait-il être complètement transparent?,Ceux qui s'y opposent ont certainement des choses à dissimuler.,FAVOR,fr,X-Stance
74501,Seriez-vous favorable à ce que des prestations complémentaires pour les familles à faible revenu soient introduites à l’échelon national?,Nous devons soutenir les familles et plus particulièrement les familles dans le besoin,FAVOR,fr,X-Stance
74522,"Seriez-vous favorable à la mise en place d’un service citoyen général obligatoire (service militaire, service civil prolongé ou engagement milicien dans la commune) pour les hommes et les femmes?","Nous sommes favorables au service civil obligatoire pour toutesn et tous, mais sommes opposé au service militaire obligatoire",AGAINST,fr,X-Stance
74543,Êtes-vous favorable à l’adaptation des directives de l’aide sociale qui prévoit une réduction des prestations pour les familles nombreuses et les jeunes adultes?,"L'aide sociale est un filet essentiel pour de nombreuses personnes en situation de précarité, qui sont de plus en plus nombreuses. S'y attaquer est inacceptable.",AGAINST,fr,X-Stance
74698,"Seriez-vous favorable à la mise en place d’un service citoyen général obligatoire (service militaire, service civil prolongé ou engagement milicien dans la commune) pour les hommes et les femmes?","pour autant qu'il réponde a des besoins réel, et non pour ne servir à rien",FAVOR,fr,X-Stance
74777,"D'après le concept de l'école intégrative, les enfants avec des difficultés d'apprentissage ou des handicaps sont, en principe, intégrés à des classes normales. Approuvez-vous cette approche?","Le concept de l'école intégrative est un joli concept qui se cogne rapidement aux réalités. S'il est des enfants à handicap qui s'intègrent aisément et bénéficient de cette intégration dans une classe normale pour la grande joie de toute la classe, il en est également pour qui cette intégration sera une difficulté supplémentaire, ou dont l'intégration ajoutée à celle d'autres enfants avec d'autres handicap rendra la classe ingérable. L'approche doit donc être pragmatique et non conceptuelle.",AGAINST,fr,X-Stance
74866,La Confédération devrait-elle se retirer de la promotion de la culture?,"L'un des liens fort qui uni les suisses c'est la culture. Si la confédération venait à se retirer de là ce serait un très mauvais signal qui serait envoyer. La Suisse d'aujourd'hui a besoin, plus que jamais, d’éléments qui relient les citoyens et la culture est un véhicule indispensable pour atteindre cet objectif essentiel à la poursuite de ""l’aventure  suisse""",AGAINST,fr,X-Stance
75001,Le financement des partis ainsi que celui des campagnes pour les élections et les votations devrait-il être complètement transparent?,Certaines conditions devraient être mises en place pour uniformiser les principes de bases des financements.,AGAINST,fr,X-Stance
75337,Êtes-vous favorable à l’adaptation des directives de l’aide sociale qui prévoit une réduction des prestations pour les familles nombreuses et les jeunes adultes?,Les jeunes et les familles nombreuses ne sont pas responsables de leur situation . Cette adaptation rendrait leur situation encore plus précaire.,AGAINST,fr,X-Stance
75428,"À votre avis, l’application rigoureuse de l’initiative sur l’immigration de masse doit-elle avoir la priorité sur le maintien des accords bilatéraux conclus avec l’UE?",Cette initiative est un réaction émotionnelle basée sur des sentiments non-fondés afin d'en cacher le racisme intrinsèque d'une telle démarche.,AGAINST,fr,X-Stance
75603,Seriez-vous favorable à une augmentation de la franchise minimale de l’assurance maladie obligatoire (LAMal) de 300 à 500 CHF?,"C'est proprement scandaleux, alors que les caisses-maladie privées accumulent des réserves faramineuses en toute opacité. Ce système d'escroquerie organisée qu'est un système de santé privé et soumis aux lois du marché (biaisées en l'occurence) n'a que trop duré. Il est grand temps de le remplacer par une caisse unique et publique, avec des primes en fonction du revenu",AGAINST,fr,X-Stance
75605,Est-il nécessaire de fermer davantage d’hôpitaux en Suisse pour réduire les coûts de la santé?,Cette politique de chasse aux doublons obsessionnelle chez la droite n'est qu'une façon de spolier le peuple pour baisser encore les impôts des plus riches. On a vu les ravages sanitaires qu'a causé le démantèlement d'un système de santé public de proximité dans des pays soumis au joug du FMI. Hors de question de faire ça en Suisse!,AGAINST,fr,X-Stance
77050,Êtes-vous favorable à l’adaptation des directives de l’aide sociale qui prévoit une réduction des prestations pour les familles nombreuses et les jeunes adultes?,La réduction des prestations est un des moyens pour éviter l'effet de seuil et redonner au travail salarié la priorité sur l'assistance.,FAVOR,fr,X-Stance
77101,"Seriez-vous favorable à la mise en place d’un service citoyen général obligatoire (service militaire, service civil prolongé ou engagement milicien dans la commune) pour les hommes et les femmes?",Service CITOYEN mais en aucun cas un service militaire. Mais avoir la possibilité pour tous les citoyens (et non pas seulement les hommes) de pouvoir participer à un projet social ou environnemental pendant 6 mois - 1 an me semble une très bonne disposition.,FAVOR,fr,X-Stance
77499,La protection contre le licenciement des travailleur-euse-s âgé-e-s (plus de 50 ans) doit-elle être renforcée?,A mettre en lien avec le besoin de valoriser et prolonger le travail des séniors particulièrement suite à la votation de février 2014 sur l'immigration.,FAVOR,fr,X-Stance
77521,Seriez-vous favorable à une augmentation de la franchise minimale de l’assurance maladie obligatoire (LAMal) de 300 à 500 CHF?,"La mesure semble supportable. J'ajoute qu'il conviendrait, au surplus, de prévoir une petite ristourne pour les personnes qui ne recourent pas aux prestations de l'assurance-maladie (par exemple reverser 5 % des cotisations payées durant l'année précédente). Le système doit être un peu plus incitatif, sinon les coûts continueront d'augmenter inexorablement.",FAVOR,fr,X-Stance
77533,Les permis de séjour des migrants et migrantes non ressortissants des Etats membres de l’UE/AELE devraient-ils être obligatoirement liés au respect de la Convention d’intégration?,"Sans l'ombre d'un doute oui. Pourquoi accorder un permis de séjour à des étrangers qui expriment ouvertement leur haine de la Suisse, de l'Occident, du régime démocratique ou des libertés individuelles.",FAVOR,fr,X-Stance
77536,Le financement des partis ainsi que celui des campagnes pour les élections et les votations devrait-il être complètement transparent?,Une telle mesure contreviendrait au respect des libertés individuelles et de la sphère privée. Une personne doit avoir le droit de financer un parti politique sans que l'Etat en ait connaissance. Doivent évidemment être soumis à l'investigation étatique les financements de partis ou de mouvements politiques qui préconisent le recours au terrorisme.,AGAINST,fr,X-Stance
78195,La naturalisation devrait-elle être facilitée aux étrangers de la troisième génération?,Ces personnes sont nées dans notre pays. Elles n'ont souvent connu aucun autre lieu de villégiatures et ont suivi toutes leurs classes ici.,FAVOR,fr,X-Stance
78331,Seriez-vous favorable à ce que des prestations complémentaires pour les familles à faible revenu soient introduites à l’échelon national?,Des prestations complémentaires complètent les rentes AVS/LPP insuffisantes. Une expansion du système social (PC-Famille) n'est pas indiquée.,AGAINST,fr,X-Stance
78333,"Le taux de conversion, qui règle la hauteur de la rente LPP (2ème pilier), devrait-il être adapté à l'allongement de l'espérance de vie et diminué de 6.8% à 6.0%?","Avec le prolongement de l'espérance de vie, si l'on n'adapte pas le taux de conversion, nous aurons un problème de financement des retraites, car un rentier LPP reçoit aujourd'hui déjà plus que ce qu'il ne cotise. Si l'on ne change rien ce financement devra venir d'ailleurs.",FAVOR,fr,X-Stance
78343,"Lors de l'attribution de subventions à des projets de recherche, la Confédération devrait-elle davantage tenir compte des bénéfices économiques qu'ils génèrent?",L'autonomie de l'enseignement et de recherche doit être garantie ; l'influence de la politique doit être évitée.,AGAINST,fr,X-Stance
78376,Les tronçons autoroutiers très fréquentés (p. ex. Berne-Zurich ou Lausanne-Genève) devraient-ils être étendus à trois voies sur tout le tracé?,"C'est une nouvelle solution possible pour lutter contre les goulots d'étranglement. Cependant, ces solutions doivent toujours être considérées dans leur ensemble et en coopération avec la politique des transports et de l'aménagement du territoire. Cette mesure ne doit pas avoir pour conséquence une délocalisation du goulot d'étranglement ou une expansion urbaine supplémentaire.",FAVOR,fr,X-Stance
78398,Êtes-vous favorable à une hausse de l'âge de la retraite pour les hommes et les femmes (p. ex. à 67 ans)?,"Pour sauver la prévoyance vieillesse, un relèvement de l'âge de la retraite est nécessaire.",FAVOR,fr,X-Stance
78413,"Lors de l'attribution de subventions à des projets de recherche, la Confédération devrait-elle davantage tenir compte des bénéfices économiques qu'ils génèrent?",L'indépendance du domaine de la recherche doit être garantie.,AGAINST,fr,X-Stance
78417,Êtes-vous favorable à la légalisation du statut des sans-papiers par un octroi collectif et unique de permis de séjour?,Cela créerait une inégalité de traitement par rapport aux migrants qui arrivent en Suisse légalement.,AGAINST,fr,X-Stance
78430,Le secret bancaire devrait-il être levé à l’intérieur du pays à l’égard des autorités fiscales suisses?,La confiance entre citoyens et Etat doit être maintenue. Il dépend de la responsabilité de chacun de déclarer ses impôts de manière transparente.,AGAINST,fr,X-Stance
80578,Seriez-vous favorable à une augmentation de la franchise minimale de l’assurance maladie obligatoire (LAMal) de 300 à 500 CHF?,"Il faut éviter que les assurés les plus précarisés en arrivent à renoncer à des soins par mauvais calcul financier. Consulter tôt est souvent de la bonne prévention et la prise en charge précoce de certaines maladies est susceptible de coûter moins cher à la collectivité. Pour le reste, tout en chacun peut choisir librement des franchises plus élevées du point de vue contractuel avec son assurance.",AGAINST,fr,X-Stance
80584,Les décisions de la Cour européenne des droits de l’homme (CrEDH) sont contraignantes pour la Suisse. Trouvez-vous cela juste?,Les autorités suisses devraient toutefois faire preuve parfois de moins de zèle et de juridisme excessif à vouloir appliquer de manière anticipée la jurisprudence européenne.,FAVOR,fr,X-Stance
81270,Une deuxième langue nationale devrait-elle être enseignée à l’école primaire dans tous les cantons?,"La capacité à communiquer avec nos concitoyens est le ciment de notre société et doit être encourager. 

C'est une richesse culturelle qu'il faut soutenir.",FAVOR,fr,X-Stance
81272,Seriez-vous favorable à l'introduction d'un quota de femmes au sein des conseils d'administration et des directions des entreprises cotées en bourse?,Le concept de quota est contraire au principe d'égalité des chances.,AGAINST,fr,X-Stance
81275,Une initiative populaire demande la sortie de l'énergie nucléaire d'ici à 2029. Y êtes-vous favorable?,"Le délai devrait être plus flexible.

La sortie du nucléaire n'est par contre pas remise en question.",AGAINST,fr,X-Stance
82049,Seriez-vous favorable à une augmentation de la franchise minimale de l’assurance maladie obligatoire (LAMal) de 300 à 500 CHF?,"Les assurés doivent être responsabilisés. Ainsi, le recours au médecin et au pharmacien sera diminué en conséquence",FAVOR,fr,X-Stance
82145,Approuveriez-vous la mise en place du don d’organe automatique (consentement présumé) en Suisse?,Les personnes peuvent faire part de leur refus si ils sont contre le don. La liberté individuelle est sauvegardée.,FAVOR,fr,X-Stance
82329,"Seriez-vous favorable à la mise en place d’un service citoyen général obligatoire (service militaire, service civil prolongé ou engagement milicien dans la commune) pour les hommes et les femmes?",A condition qu'il soit accompagné d'autres mesures concrètes réalisant l'égalité femmes-hommes.,FAVOR,fr,X-Stance
82345,Le financement des partis ainsi que celui des campagnes pour les élections et les votations devrait-il être complètement transparent?,"Il est juste que les comptes puissent être audités. Par contre, la majorité des Suisses tiennent à rester anonymes dans les causes qu'ils soutiennent.",AGAINST,fr,X-Stance
82641,Les couples mariés devraient-ils être taxés en tant que personnes individuelles (imposition individuelle)?,"Un couple forme une communauté économique. Par contre, il ne doit pas être désavantagé par rapport aux couples concubins.",AGAINST,fr,X-Stance
82750,Est-il nécessaire de fermer davantage d’hôpitaux en Suisse pour réduire les coûts de la santé?,"Au contraire, le service public hospitalier doit être renforcé!",AGAINST,fr,X-Stance
83136,Seriez-vous favorable à l'introduction d'un quota de femmes au sein des conseils d'administration et des directions des entreprises cotées en bourse?,Il y a d'autres solutions au plafond de verre qui évitent d'étiqueter des personnes selon leur sexe.,AGAINST,fr,X-Stance
84990,La naturalisation devrait-elle être facilitée aux étrangers de la troisième génération?,les étrangers nés en Suisse devraient pouvoir bénéficier d'une présomption d'intégration. Mais cette naturalisation devrait intervenir avant la 18ème année.,FAVOR,fr,X-Stance
85170,Seriez-vous favorable à une augmentation de la franchise minimale de l’assurance maladie obligatoire (LAMal) de 300 à 500 CHF?,Je suis favorable à une réforme complète du système avec une caisse unique et sans franchise....,AGAINST,fr,X-Stance
86515,Une initiative populaire exige que la surface totale des zones à bâtir en Suisse soit limitée à l’état actuel. Soutenez-vous cette initiative?,C'est une solution trop radicale qui ne tient pas compte des particularités régionales. Certaines régions (lémanique par exemple) se développent plus vite - et parfois plus tard - que d'autres et doivent être traitées différemment,AGAINST,fr,X-Stance
88124,"Une vaccination obligatoire des enfants, basée sur le plan de vaccination suisse, devrait-elle être instaurée?","J'aime pas trop les obligations, mais la plupart des vaccin sont quand-même à conseiller pour nos enfants et ceux des autres",FAVOR,fr,X-Stance
88125,"Les traitements médicaux par méthodes complémentaires (alternative) doivent-ils continuer à être pris en charge, après 2017, par l’assurance maladie obligatoire (LAMal)?","S'il y a preuve que ceux qui utilisent ces méthodes diminuent les frais de la médecine traditionelle, pourquoi-pas?",FAVOR,fr,X-Stance
88578,Une initiative populaire exige que la surface totale des zones à bâtir en Suisse soit limitée à l’état actuel. Soutenez-vous cette initiative?,L'aménagement du territoire doit rester de la compétence des cantons et des communes.,AGAINST,fr,X-Stance
88694,Les permis de séjour des migrants et migrantes non ressortissants des Etats membres de l’UE/AELE devraient-ils être obligatoirement liés au respect de la Convention d’intégration?,"Je n'aime pas l'idée de contrainte: on n'intègre pas quelqu'un de force. Par contre, des conventions d'intégration non contraignantes pourraient être intéressantes, si elles permettent d'instaurer un dialogue et incitent et accompagner positivement les étrangers vers l'intégration.",AGAINST,fr,X-Stance
88708,La politique régionale de la Confédération doit-elle se concentrer davantage sur le développement économique dans les villes et les agglomérations?,"L'objectif de la politique régionale est en principe de soutenir le développement des régions périphériques. On peut tout à fait soutenir les villes et les agglomérations, mais alors il faut le faire avec d'autres instruments ciblés et adaptés et, comme pour la politique régionale, soumettre ces soutiens à des critères de durabilité.",AGAINST,fr,X-Stance
88710,Êtes-vous en faveur d'une libéralisation complète des horaires d'ouverture des magasins (fixation des horaires d'ouverture selon leur propre appréciation)?,"Je suis par contre favorable à une certaine flexibilité pour les magasins de petite taille, comme cela se pratique par exemple à Lausanne. De manière générale, avec la possibilité de faire ses achats on-line, il est moins nécessaire qu'avant d'avoir en permanence des magasins ouverts.",AGAINST,fr,X-Stance
89092,Êtes-vous favorable à l’adaptation des directives de l’aide sociale qui prévoit une réduction des prestations pour les familles nombreuses et les jeunes adultes?,"Réduire les prestations en cours de route, pour les familles qui ont déjà plusieurs enfants, ne me paraît pas correct. Si les règles doivent être durcies, qu'elles le soient pour les familles à venir. 
Concernant la prise en charge des jeunes, il faut valoriser le fait d'avoir un travail : c'est une condition indispensable pour trouver sa place dans la société et être un citoyen libre et responsable.",AGAINST,fr,X-Stance
89095,"Une vaccination obligatoire des enfants, basée sur le plan de vaccination suisse, devrait-elle être instaurée?",Certains vaccins sont superflus et présentés comme indispensables par le lobby pharmaceutique (pappilo-virus).,AGAINST,fr,X-Stance
89274,L'importation facilitée des denrées alimentaires provenant de l'UE (principe du Cassis de Dijon) devrait-elle être exclue?,"Le principe du cassis de Dijon contribue à soulager la pression sur les bas et moyens revenus en faisant baisser certains prix. Parallèlement, cela pousse les producteurs suisses (pas nécessairement compétitifs niveau prix) à se démarquer grâce à la qualité de leurs produits.",AGAINST,fr,X-Stance
89328,"La Suisse devrait-elle accueillir plus de groupes de réfugiés (contingents de réfugiés), provenant directement de zone de crise, et pour lesquels le Haut Commissariat des Nations Unies pour les réfugiés (HCR) recherche des pays d'accueil?",On ne peut pas en même temps économiser sur l'aide au développement et en même temps se désolidariser des réfugiés qui fuient des zones de guerres.,FAVOR,fr,X-Stance
89494,Les couples mariés devraient-ils être taxés en tant que personnes individuelles (imposition individuelle)?,"Cette inégalité doit être abrogée une fois pour toute, car même avec les déductions pour couple marié, avec 2 salaires à 100%, ceux ci-sont pénalisés fiscalement par les taux de progression non linéaire.",FAVOR,fr,X-Stance
90228,"Selon vous, la baisse des impôts au niveau fédéral représente-elle une priorité pour les quatre prochaines années?",Les baisses d'impôt ont pour conséquences des baisses de prestations.,AGAINST,fr,X-Stance
90301,"D'après le concept de l'école intégrative, les enfants avec des difficultés d'apprentissage ou des handicaps sont, en principe, intégrés à des classes normales. Approuvez-vous cette approche?","Pour autant que les moyens d'intégration soit effectivement mis en oeuvre. Dans le cas contraire, il vaut mieux l'éviter pour le bien de tous.",FAVOR,fr,X-Stance
91166,Approuveriez-vous une interdiction générale de publicité pour l’alcool et le tabac?,"Limiter la publicité sur ces produits considérés comme néfastes relèvent du bon sens, particulièrement pour les publicités ayant comme public-cibles les jeunes.",FAVOR,fr,X-Stance
109077,L'acquisition d'une propriété d'habitation habitée par le propriétaire lui-même doit-elle être encouragée de manière plus importante grâce à des déductions d'impôts pour l'épargne logement?,Il serait judicieux qu'un plus grand nombre de concitoyens puissent accéder à la propriété de leur logement,FAVOR,fr,X-Stance
109151,Seriez-vous favorables à ce que l'euthanasie active directe soit légalement possible par le biais d'un médecin en Suisse?,Pour autant que le patient aie encore sa capacité de discernement.,FAVOR,fr,X-Stance
110920,Seriez-vous favorable à une augmentation de la franchise minimale de l’assurance maladie obligatoire (LAMal) de 300 à 500 CHF?,Un maximum de flexibilité est souhaitable dans le domaine de la LAMal.,AGAINST,fr,X-Stance
111515,Les permis de séjour des migrants et migrantes non ressortissants des Etats membres de l’UE/AELE devraient-ils être obligatoirement liés au respect de la Convention d’intégration?,"Dans les faits, les permis de séjour sont liés à une intégration réussie (ou en cours). La Convention d'intégration au sens formel ne constitue qu'un élément permettant d'évaluer l'intégration effective d'un migrant.",FAVOR,fr,X-Stance
112320,Êtes-vous pour une libéralisation complète des horaires d'ouverture des magasins (les commerces peuvent fixer les horaires d'ouverture selon leur propre appréciation)?,"Il faut penser aux personnes qui travaillent dans ces magasins. On a assez de temps pour consommer et on n'a pas que ça à faire non plus. Les commerces ouverts 24h/24h, c'est juste pour faire consommer la même chose sur une plus grande période et au détriment des vendeurs.",AGAINST,fr,X-Stance
113712,La Suisse doit-elle accueillir plus de groupes de réfugiés (contingents de réfugiés) pour lesquels le Haut commissariat pour les réfugiés de l'ONU (UNHCR) recherche des pays d'accueil?,"S'il s'agit de personnes issues de pays en guerre ou de cas humanitaires prouvés, mais d'une manière générale je suis d'avis qu'il faudrait, dans la mesure du possible, aider d'avantage les gens à pouvoir rester dans leur pays et leur culture.",FAVOR,fr,X-Stance
114714,Un congé parental de 24 semaines doit-il être instauré en plus de l'assurance maternité existante?,"Si l'idée paraît séduisante au 1er abord, son financement paraît difficile à assurer à long terme.",AGAINST,fr,X-Stance
114716,L'assurance invalidité n'attribue plus de rentes de l'AI en cas de troubles douloureux non décelables de manière objective (p. ex. après avoir subi un « coup du lapin »). Pensez-vous que cela soit justifié?,Accepter de délivrer une rente sur les seuls dires de la personne touchée autorise tous les abus.,FAVOR,fr,X-Stance
114732,"Le droit pénal des mineurs doit-il, à l'avenir, mettre plus de poids sur l'attribution de peines de détention plus longues dans des établissement fermés plutôt que sur des mesures de resocialisation?",Ces 2 éléments doivent être combinés en fonction des cas particuliers. Toutefois la détention doit rester une vraie alternative lorsque cela est nécessaire.,FAVOR,fr,X-Stance
114856,L'acquisition d'une propriété d'habitation habitée par le propriétaire lui-même doit-elle être encouragée de manière plus importante grâce à des déductions d'impôts pour l'épargne logement?,Cela semble une bonne solution dans la mesure où le financement de l'immobilier en Suisse se base fortement sur l'épargne personnelle. 20% de fonds propres sont exigés! Ce serait bien que la constitution de cette épargne soit privilégiée fiscalement.,FAVOR,fr,X-Stance
117501,Seriez-vous favorable à l'instauration de l'échange automatique d'informations sur les clients bancaires entre la Suisse et les autorités fiscales étrangères?,"Les droits des autorités fiscales étrangères s'arrêtent à la frontière de leur état, sauf ce qui concerne des délits économiques, fiscaux etc. inscrits identiquement dans le droit suisse.",AGAINST,fr,X-Stance
117888,Trouvez-vous juste que certaines prestations médicales de la médecine com-plémentaire (médecine alternative) soient à nouveau remboursées par l'assurance de base?,"Les traitements non controversés tels que la phytothérapie devraient continuer à être remboursés. Par contre, le financement des thérapies fortement connotées philosophiquement telles que l'homéopathie devrait intervenir par le biais des assurances complémentaires facultatives pour éviter le phénomène malsain des solidarités contraintes et inutiles.",AGAINST,fr,X-Stance
118853,Seriez-vous favorables à ce que l'euthanasie active directe soit légalement possible par le biais d'un médecin en Suisse?,"Instaurer cette autorisation légale ouvre la porte soit à des dérives, soit à une technocratie irréalisable. Dans les situations que sa conscience lui impose, il doit demeurer conscient de l'illégalité de son acte.",AGAINST,fr,X-Stance
118856,Soutenez-vous l'initiative populaire qui souhaite que le salaire le plus élevé au sein d'une entreprise ne puisse pas être plus de douze fois supérieur au salaire le plus bas versé par la même entreprise. (initiative 1:12)?,"C'est un vrai problème, qui menace la cohésion sociale. Mais une disposition légale de ce type est trop rigide.",AGAINST,fr,X-Stance
119164,Le financement des partis ainsi que des campagnes électorales devrait-il être complètement transparent?,"Pour autant que les grandes organisations, syndicats et groupes de pressions soient soumis aux même règles que les partis politiques et qu'un organe étatique soit dépositaire des comptes demandés.",FAVOR,fr,X-Stance
119177,L'État devrait-il engager davantage de moyens financiers dans l'intégration des étrangers?,"Si le thème est aujourd'hui central en Suisse, c'est parce que les étrangers d'aujourd'hui ne se sont pas intégrés comme ceux d'hier (immigration du Sud de l'Europe des années 50 à 70). Il me semble normal que l'État fasse son maximum pour favoriser cette intégration.",FAVOR,fr,X-Stance
119190,"Les directives de protection de l'environnement et du paysage doivent-elles être assouplies concernant la construction et l'agrandissement de centrales éoliennes, solaires et hydrauliques?","Mauvaise relecture... Ma réponse est ""plutôt oui""...",AGAINST,fr,X-Stance
119599,Seriez-vous favorables à ce que l'euthanasie active directe soit légalement possible par le biais d'un médecin en Suisse?,"Pour avoir vu ma grand-mère se mourir en plus de quinze ans pour terminer dans un état terrible (impossibilité de parler, de reconnaître qui que se soit, de manger, de se laver,...) je pense que l'euthanasie active voulue dans des dispositions anticipées est une concrétisation de la dignité humaine. Cela ne veut pas dire qu'il faut la pratiquer n'importe comment, des règles strictes et précises doivent être adoptées et respectées.",FAVOR,fr,X-Stance
119848,Les initiatives populaires doivent-elles être invalidées lorsqu'elles dérogent à la convention européenne des droits de l'homme (CEDH)?,Et que ceux qui ne sont pas d'accord avec cela prennent le courage politique de dénoncer la CEDH elle-même (il font des initiatives qui bravent la CEDH mais ils n'ont pas les couilles de montrer clairement ce qu'ils proposent.),FAVOR,fr,X-Stance
121800,Le Conseil fédéral veut introduire des réglementations renforcées  (par ex. prescriptions relatives aux fonds propres) outrepassant les directives internationales courantes concernant le fonctionnement des grandes banques (problématique du too big to fail). Soutenez-vous cela?,"En revanche, la Confédération ne devrait pas intervenir pour sauver des entreprises au bord de la faillite.",AGAINST,fr,X-Stance
122424,Les initiatives populaires doivent-elles être invalidées lorsqu'elles dérogent à la convention européenne des droits de l'homme (CEDH)?,"Le système actuel est fondé sur un énorme mensonge: on fait croire au peuple qu'il peut voter sur tout et n'importe quoi, alors que ce n'est pas le cas: le CEDH donne à n'importe quel citoyen le droit de saisir la justice si ses droits fondamentaux sont bafoués, même par un vote populaire. On ment au peuple lorsqu'on lui fait croire qu'il peut déroger à la CEDH à sa guise. Ou alors demandons au peuple s'il veut dénoncer la CEDH, et on verra la réponse!",FAVOR,fr,X-Stance
122739,Etes-vous favorable à initiative populaire qui demande que le Conseil fédéral soit directement élu par le peuple?,"L'élection par le peuple a actuellement plus de chance de servir le populisme que l'idée de démocratie directe. Par contre, la transparence de cette élection devrait grandement être améliorée, en permettant aux citoyens de savoir comment ont voté ""leurs"" élus.",AGAINST,fr,X-Stance
123632,Êtes-vous favorable à l'introduction d'une taxe CO2 sur les carburants si la Suisse n'atteint pas ses propres objectifs de protection du climat?,"Aujourd'hui les alternatives aux énergies fossiles existent, et l'État se doit d'inciter les consommateurs et consommatrices à les privilégier. 
Il doit par contre s'agir d'une taxe, et non d'un impôt !",FAVOR,fr,X-Stance
123673,Le financement des partis ainsi que des campagnes électorales devrait-il être complètement transparent?,on s'en balance tout sponsor a droit à ses mentors,AGAINST,fr,X-Stance
124413,Pensez-vous qu’il soit justifié que l'État soutienne financièrement la garde extra-familiale des enfants (à l'aide de déductions d'impôts ou de subventions)?,"plus que justifié, nécessaire ! Dans les conditions actuelles du ""marché"" du travail où on approche  une politique tentant d'accroitre la productivité par un contrôle plus sévère des travailleuses et des travailleurs, c'est un minimum.",FAVOR,fr,X-Stance
124434,Êtes-vous en faveur d'un accord de libre-échange agricole avec l'UE ?,La marchandisation et mondialisation  de l'alimentation a créé des dégâts incommensurables sur la terre cultivable et aussi sur la santé humaine. Je suis contre cette tendance et trouve que l'agriculture doit rester à l'échelle locale. Les échanges devant uniquement servir aux produits qui ne pousseraient pas dans notre pays.,AGAINST,fr,X-Stance
124891,Seriez-vous favorables à un plan hospitalier national qui pourrait également mener à la fermeture de certains hôpitaux?,"De trop nombreux hôpitaux ont déjà été fermé ou des services démentelés, forçant dans certaines situations les patients à couvrir de longues distances pour obtenir les soins ou traitements auxquels ils ont droit. Par exemple la fermeture de nombreuses maternités en Suisse romande.",AGAINST,fr,X-Stance
125418,Seriez-vous favorables à un plan hospitalier national qui pourrait également mener à la fermeture de certains hôpitaux?,"Pour un marché libre de la santé, contre un trop grande implication de l'Etat",AGAINST,fr,X-Stance
125672,L'accès à la naturalisation facilitée par la Confédération doit-il être rendu plus difficile?,"Au contraire: il est aberrant que des personnes nées en Suisse, qui ont notre accent, participent aux activités des sociétés locales, travaillent et paient des impôts, soient découragés de devenir Suisses à cause de tracasseries administratives.",AGAINST,fr,X-Stance
125681,L'acquisition d'une propriété d'habitation habitée par le propriétaire lui-même doit-elle être encouragée de manière plus importante grâce à des déductions d'impôts pour l'épargne logement?,Les déséquilibres du marché immobilier en Suisse peuvent s'expliquer par le fait qu'il est très difficile d'accéder à la propriété.,FAVOR,fr,X-Stance
127913,"En Suisse, l'interruption de grossesse est autorisée pendant les douze premières semaines de la grossesse. Êtes-vous d'accord avec cela?","Il faut au contraire responsabiliser les gens sur la portée de l'acte sexuel, qui est d'abord un acte de procréation avant un plaisir. La vie humaine commence à la conception. Dépénaliser l'avortement, c'est déresponsabiliser les citoyens, c'est permettre le meurtre au nom de la liberté individuelle.",AGAINST,fr,X-Stance
128184,L'acquisition d'une propriété d'habitation habitée par le propriétaire lui-même doit-elle être encouragée de manière plus importante grâce à des déductions d'impôts pour l'épargne logement?,"La propriété privée du logement donne une assurance que la location ne donne pas. Dans ce sens il faut toutefois privilégier l'accession à la propriété privée du logement dans des habitats groupés privilégiant l'efficacité énergétique, les énergies renouvelables et la biodiversité.",FAVOR,fr,X-Stance
128821,L'acquisition d'une propriété d'habitation habitée par le propriétaire lui-même doit-elle être encouragée de manière plus importante grâce à des déductions d'impôts pour l'épargne logement?,"Un modèle de suppression de la valeur locative doit s'imposer, spéciallement pour les retraités n'ayant que leur résidence principale comme fortune!",FAVOR,fr,X-Stance
142508,"Êtes-vous favorable à l'introduction de péages routiers (""Road pricing"") pour le transport individuel motorisé sur les routes très fréquentées?","Il faut envisager la solution de manière multimodale. La tarification de la mobilité vise une utilisation plus efficace des capacités routières et ferroviaire, contrairement au Road pricing qui ne vise qu'à limiter le trafic routier.",AGAINST,fr,X-Stance
142771,Les personnes assurées devraient-elles contribuer davantage aux coûts de la santé (p. ex. en augmentant la franchise minimale)?,"Il est important de responsabiliser le patient, mais le premier remède pour diminuer les coûts de la santé est de créer une assurance unique publique.",FAVOR,fr,X-Stance
142773,Une initiative demande que les subsides aux assurances maladie soient conçus de manière à ce que personne n'ait à consacrer plus de dix pour cent de son revenu disponible au paiement des primes. Soutenez-vous cette proposition?,Oui à ce que chaque personne n'ait à consacrer plus de 10% de son revenu au paiement des primes. Mais non à cette méthode des subsides. Le remède est l'assurance unique publique.,AGAINST,fr,X-Stance
143552,Êtes-vous en faveur de l'abaissement de l'âge de vote à 16 ans?,Je ne suis pas en faveur d'un décalage entre la majorité civile et la majorité politique.,AGAINST,fr,X-Stance
143582,Êtes-vous en faveur de l'abaissement de l'âge de vote à 16 ans?,"Avant d'octroyer le droit de vote, il faudrait donner une vraie éducation citoyenne aux jeunes.",AGAINST,fr,X-Stance
143670,La Confédération devrait-elle soutenir davantage les énergies renouvelables?,Par une meilleure affectation de la taxe sur le CO2,FAVOR,fr,X-Stance
145346,La consommation de cannabis devrait-elle être légalisée?,Je ne soutiens pas la consommation mais soutiens la légalisation. Cela permet de mieux encadrer et sensibiliser ainsi que d'internaliser les coûts externes pour la santé générés par les consommateurs.,FAVOR,fr,X-Stance
